{
	"Name": "Golden Trout",
	"Description": "A trout adapted to mountainous streams.",
	"Category": "Fish",
	"Edibility": 20,
	"EdibleIsDrink": false,
	"EdibleBuffs": null,
	"Price": 110,
	"IsColored": false,
	"GiftTastes":
	{
		"Love": ["MisterGinger", "Kent"],
		"Like": ["Eyvinder","Willy"]
	},
	"NameLocalization":
	{
		/*to be added in*/
		"ko": "황금빛 송어",
"zh": "金色鳟鱼",
	},
	"DescriptionLocalization":
	{
		/*to be added in*/
		"ko": "산에서 흐르는 개울가에서 서식하는 송어입니다.",
"zh": "喜欢在山间溪流里活动的鳟鱼。",
	},
	"CategoryLocalization":
	{
		/*to be added in*/
		"ko": "물고기",
"zh": "鱼",
	}
}