{
  "Name": "VoidGoat",
  "Type": "Walking", 
  "EnableFarmerCollision": true, 
  "EnableShadow": true, 
  "TravelSpeed": 1, 
  "SpawnDirection": 1, 
  "SpawnOffsetX": 0, 
  "SpawnOffsetY": 0,
  "MaxIdleDistance": -1, 
  "MaxDistanceBeforeTeleport": -1, 
  "InspectionDialogue": "VoidNanny.Inspection.1",
  "IdleBehavior": "Wander",

  "Sounds": [
    {
      "SoundName": "goat",
      "WhenToPlay": "Idle",
      "Pitch": 1200,
      "MinPitchRandomness": -200,
      "MaxPitchRandomness": 201,
      "TimeBetweenSound": 5000,
      "ChanceOfPlaying": 0.10
    }
  ],

  "FrameSizeWidth": 32, 
  "FrameSizeHeight": 32, 

  // This plays when the companion travels upwards
  "UpAnimation": {
    "StartingFrame": 8,
    "NumberOfFrames": 4,
    "Duration": 100,

    "IdleAnimation": {
      "StartingFrame": 8,
      "NumberOfFrames": 1,
      "Duration": 500
    }
  },

  // This plays when the companion travels downwards
  "DownAnimation": {
    "StartingFrame": 0,
    "NumberOfFrames": 4,
    "Duration": 100,

    "IdleAnimation": {
      "StartingFrame": 0,
      "NumberOfFrames": 1,
      "Duration": 500
    }
  },

  // This plays when the companion travels left
  "LeftAnimation": {
    "StartingFrame": 12,
    "NumberOfFrames": 4,
    "Duration": 100,

    "IdleAnimation": {
      "StartingFrame": 4,
      "NumberOfFrames": 1,
      "Duration": 500
    }
  },

  // This plays when the companion travels right
  "RightAnimation": {
    "StartingFrame": 4,
    "NumberOfFrames": 4,
    "Duration": 100,

    "IdleAnimation": {
      "StartingFrame": 4,
      "NumberOfFrames": 1,
      "Duration": 500
    }
  }
}
