{
    "Changes": [
        {
            "Action": "EditData",
            "Target": "Data/Festivals/spring13",
            "TextOperations": [
                {
                    "Operation": "Append",
                    "Target": [
                        "Entries",
                        "Set-Up_additionalCharacters"
                    ],
                    "Value": "Jasper 34 57 down",
                    "Delimiter": "/"
                }
            ],
            "When": {
                "HasSeenEvent |contains=5599014": false
            }
        },
        {
            "Action": "EditData",
            "Target": "Data/Festivals/spring24",
            "TextOperations": [
                {
                    "Operation": "Append",
                    "Target": [
                        "Entries",
                        "Set-Up_additionalCharacters"
                    ],
                    "Value": "Jasper 4 29 down",
                    "Delimiter": "/"
                },
                {
                    "Operation": "Append",
                    "Target": [
                        "Entries",
                        "MainEvent_additionalCharacters"
                    ],
                    "Value": "Jasper 4 29 down",
                    "Delimiter": "/"
                }
            ]
        },
        {
            "Action": "EditData",
            "Target": "Data/Festivals/summer11",
            "TextOperations": [
                {
                    "Operation": "Append",
                    "Target": [
                        "Entries",
                        "Set-Up_additionalCharacters"
                    ],
                    "Value": "Jasper 11 39 down",
                    "Delimiter": "/"
                },
                {
                    "Operation": "Append",
                    "Target": [
                        "Entries",
                        "MainEvent_additionalCharacters"
                    ],
                    "Value": "Jasper 11 39 down",
                    "Delimiter": "/"
                }
            ],
            "When": {
                "HasSeenEvent |contains=5599014": false
            }
        },
        {
            "Action": "EditData",
            "Target": "Data/Festivals/summer28",
            "TextOperations": [
                {
                    "Operation": "Append",
                    "Target": [
                        "Entries",
                        "Set-Up_additionalCharacters"
                    ],
                    "Value": "Jasper 88 40 down",
                    "Delimiter": "/"
                }
            ],
            "When": {
                "HasSeenEvent |contains=5599014": false
            }
        },
        {
            "Action": "EditData",
            "Target": "Data/Festivals/fall16",
            "TextOperations": [
                {
                    "Operation": "Append",
                    "Target": [
                        "Entries",
                        "Set-Up_additionalCharacters"
                    ],
                    "Value": "Jasper 38 77 down",
                    "Delimiter": "/"
                }
            ],
            "When": {
                "HasSeenEvent |contains=5599014": false
            }
        },
        {
            "Action": "EditData",
            "Target": "Data/Festivals/fall27",
            "TextOperations": [
                {
                    "Operation": "Append",
                    "Target": [
                        "Entries",
                        "Set-Up_additionalCharacters"
                    ],
                    "Value": "Jasper 27 56 down",
                    "Delimiter": "/"
                }
            ]
        },
        {
            "Action": "EditData",
            "Target": "Data/Festivals/winter8",
            "TextOperations": [
                {
                    "Operation": "Append",
                    "Target": [
                        "Entries",
                        "Set-Up_additionalCharacters"
                    ],
                    "Value": "Jasper 12 44 left",
                    "Delimiter": "/"
                },
                {
                    "Operation": "Append",
                    "Target": [
                        "Entries",
                        "Main-Event_additionalCharacters"
                    ],
                    "Value": "Jasper 63 23 2",
                    "Delimiter": "/"
                }
            ]
        },
        {
            "Action": "EditData",
            "Target": "Data/Festivals/winter25",
            "TextOperations": [
                {
                    "Operation": "Append",
                    "Target": [
                        "Entries",
                        "Set-Up_additionalCharacters"
                    ],
                    "Value": "Jasper 33 71 right",
                    "Delimiter": "/"
                }
            ],
            "When": {
                "HasSeenEvent |contains=5599014": false
            }
        },
        /*  Festival Positions with kids
******************************/
        {
            "Action": "EditData",
            "Target": "Data/Festivals/winter25",
            "TextOperations": [
                {
                    "Operation": "Append",
                    "Target": [
                        "Entries",
                        "Set-Up_additionalCharacters"
                    ],
                    "Value": "Jasper 33 71 left",
                    "Delimiter": "/"
                }
            ],
            "When": {
                "HasSeenEvent |contains=5599014": true
            }
        },
        {
            "Action": "EditData",
            "Target": "Data/Festivals/spring13",
            "TextOperations": [
                {
                    "Operation": "Append",
                    "Target": [
                        "Entries",
                        "Set-Up_additionalCharacters"
                    ],
                    "Value": "Jasper 18 80 right",
                    "Delimiter": "/"
                }
            ],
            "When": {
                "HasSeenEvent |contains=5599014": true
            }
        },
        {
            "Action": "EditData",
            "Target": "Data/Festivals/summer11",
            "TextOperations": [
                {
                    "Operation": "Append",
                    "Target": [
                        "Entries",
                        "Set-Up_additionalCharacters"
                    ],
                    "Value": "Jasper 25 7 down",
                    "Delimiter": "/"
                },
                {
                    "Operation": "Append",
                    "Target": [
                        "Entries",
                        "MainEvent_additionalCharacters"
                    ],
                    "Value": "Jasper 25 7 down",
                    "Delimiter": "/"
                }
            ],
            "When": {
                "HasSeenEvent |contains=5599014": true
            }
        },
        {
            "Action": "EditData",
            "Target": "Data/Festivals/fall16",
            "TextOperations": [
                {
                    "Operation": "Append",
                    "Target": [
                        "Entries",
                        "Set-Up_additionalCharacters"
                    ],
                    "Value": "Jasper 38 77 up",
                    "Delimiter": "/"
                }
            ],
            "When": {
                "HasSeenEvent |contains=5599014": true
            }
        },
        {
            "Action": "EditData",
            "Target": "Data/Festivals/summer28",
            "TextOperations": [
                {
                    "Operation": "Append",
                    "Target": [
                        "Entries",
                        "Set-Up_additionalCharacters"
                    ],
                    "Value": "Jasper 65 7 down",
                    "Delimiter": "/"
                }
            ],
            "When": {
                "HasSeenEvent |contains=5599014": true
            }
        }
    ]
}