{
    "Changes": [
        {
            "LogName": "Charlie Dialogue",
            "Action": "EditData",
            "Target": "Characters/Dialogue/Jasper",
            "Entries": {
                "Tue2": "{{i18n:jasper.charlie.1}}"
            },
            "When": {
                "HasMod": "andril11.charlie"
            }
        },
        {
            "LogName": "Gunther Dialogue",
            "Action": "EditData",
            "Target": "Characters/Dialogue/GuntherWoods",
            "Entries": {
                //From Museum Expansion rewritten for consistency
                "Introduction": "Hello, it's a pleasure to meet you!#h#$b#You're not what I expected, but no matter.#$b# I'm Gunther, the manager of this Archaeology House. Have you met my nephew yet?#$b#His name's Charlie, he lives here with me.",
                "Mon": "This Archaeology House may not be a grand museum, but it's my precious place!$h#$b#I hope you'll find it the same.",
                "Tue": "I'm very grateful for people that bring artifacts to the Archaeology House.#$b#Me? I don't have the disposition for that anymore.#$b#I'd rather stay here and catalog them - and restore the books that people find.",
                "Wed": "%You hear Gunther muttering about the Governor.#$b#Oh! @!$5#$b#You didn't hear anything...did you?$2#$b#...#$b#My relationship with... err, well ... it's rather strained these days...$s#$e#...$s",
                "Thu": "I'm delighted Penny holds her classes here.$h#$b#Once she talked me into giving a lesson about the local minerals.#$b#Clint even gave us some geodes to crack.#$b#I bet Vincent still has the little golden ore he found!$h",
                "Fri": "Do you read a lot, @?#$b#Spending time in a good book always makes me feel like a new person.",
                "Sat": "I can't wait until Alex opens the ice cream stand!",
                "Sun": "I hope your weekend is going well, @!",
                //New stuff
                "winter_Mon": "Hey @, looking for something new to read?",
                "spring_Mon": "Have you met my nephew yet?#$b# His name's Charlie, he's living here with me. He's got a good heart.",
                "Mon2": "Hey @, how's life down on the farm?",
                "Mon4": "Hey, @, looking for something new to read?#$b#$q 55990100/55990101 Gunther_Book#What do you like to read?#$r 55990100 25 Gunther_Book_western#Westerns#$r 55990100 25 Gunther_Book_romance#Romance#$r 55990101 0 Gunther_Book_fantasy#Fantasy#$r 55990101 -25 Gunther_Book_noBook#I don't like to read.",
                "Gunther_Book_western": "Ah, excellent tastes. Adventure, excitement, maybe a touch of romance.#$b#I studied for a time on a prairie island, you know.",
                "Gunther_Book_romance": "Ah, I admit I have a soft spot for a happy ending myself.",
                "Gunther_Book_fantasy": "Ah, can't say I'm a fan myself, but to each their own.#$b#You should talk to Sebastian, he's into that stuff.",
                "Gunther_Book_noBook": "Ah, well that's disappointing. I hope I'll still see you around here sometime?",
                "Gunther_Book": "$p 5599100#Here you go, @, I think you might like this one.#$b#%Gunther slips a book into your hands.|Or I forgot, you don't read, do you? It's good to see you anyway!",
                "Mon8": "I lived here when I was a kid you know, Mom was the librarian.#$b#We moved to Veldt Island when I was fifteen.",
                "fall_Tue": "Sorry if I smell of glue, I've been mending some old books. The poor things need a little love.",
                "Tue2": "Hey @, welcome! I've just brewed a pot of tea. Fancy some?[614]#$b#It's green tea. What can I say? I developed a taste for it as a kid.",
                "Tue4": "Elliott's been discussing his latest project with me. It has promise, but oh, he loves his adverbs.",
                "Tue8": "I came back here with the hopes of settling down with someone.#$b#But I'd left it too late; they'd found someone else.#$b#I guess happy endings are only for characters in books, right?",
                "winter_Wed": "Perhaps you might help me catalog the archives sometime. The former custodian was something of a hoarder - I feel I'll never get through them all.",
                "Wed4": "There's a beautiful cat that hangs around outside sometimes.#$b#Maybe one day I'll let him in. Every good library needs a cat, don't you think?",
                "Wed6": "Wretched day today... I spilled my tea over one of my books.#$b#Hopefully it'll dry out again.",
                "Wed10": "There was a girl once. Well, a young woman, really. We used to ride through the woods together.#$b#Then her family moved away, and mine soon after.#$b#Fate may have drawn us both back here, but it's too late for anything to come of it.",
                "winter_Thu": "Penny's great with the kids. They really seem to look up to her.#$b#And I'm happy to see someone appreciate the books!",
                "Thu4": "Oh, hey @. I'm just about to send a request through to the Ferngill National Library service. Anything you'd like me to add to it?",
                "Thu6": "Our good friend the professor always seems so caught up in his work.#$b#Perhaps you could distract him. After all, there's more to life than research, right?",
                "Thu8": "%Gunther closes his book, sniffs and wipes his eyes.#$b#It's quite dusty in here, don't you think?#$b#Oh, there's no fooling you. Yeah, this book's touched my heart.",
                "fall_Fri": "%Gunther is reading a book beneath the counter.#$b#Oh, hello @! It's easy to get lost in a book, isn't it?",
                "Fri4": "Ah Fridays... they always make me wistfully happy. Why? Oh, no reason.#$b#%There's a distant look in Gunther's eyes.",
                "Fri6": "You seem to have settled in better than I have. I feel more comfortable hanging out with the books than the people.",
                "Fri10": "%Gunther stares wistfully over your shoulder.#$b#I should've come back sooner. Then my story would've had a more satisfying ending.",
                "summer_Sat": "Someone's been sneaking into the library at night and 'borrowing' the books. If you find any hidden around town, can you return them to me, please?#$b#They contain information that might be of help to you.",
                "Sat2": "There aren't many trees on Veldt Island. The forest around here feels a little claustrophobic.",
                "Sat4": "I think the cat must've got in last night. A bunch of things were knocked over, but nothing appears to be missing.",
                "Sat8": "You can tell a lot about someone from the books they read.#$b#Caroline enjoys stories where women cast aside the shackles of society  to 'find themselves'.#$b#Makes you wonder, doesn't it?",
                "spring_Sun": "Hey, if you happen to find anything interesting lying around, I'd be happy to dust it off and put it on display.#$b#There's a lot of history to this town, and quite a bit of it is buried.",
                "Sun6": "(yawns) I've been poring through the archives too late into the night again.#$b#You know, Pelican Town used to be a thriving mining town, back before the explosion in the mines.#$b#Those were terrible times. Jasper's father was killed and my mom decided to move.",
                "Sun8": "Starting afresh had its challenges. I'm not great at making friends - my best friends are books...#$b#Thank Yoba, I've got Jasper - and you! - to talk with.",
                "Sun4": "I wasn't sorry to leave Veldt Island. You'd be surprised at how lonely you can feel in a crowded city.#$b#Actually, maybe you wouldn't. You're from Zuzu, right?",
                "Sun2": "Have you met Professor Jasper? Very wise fellow, albeit a tad obsessive.",
                "Fri8_inlaw_Jasper": "How's life with Jasper? I miss having him around, but I'm glad you found your happy ending.#$b#Makes me wonder if some day I'll find my own.#$b#%Gunther stares over your shoulder again, a distant look in his eyes.",
                "JasperGone1": "Jasper know's how to take care of himself, but I'm still worried about what might happen to him in those mines.#$b#I offered to go with him, but he insisted that the dwarves would be more likely to show themselves if he went alone.#$b#Stubborn fool... I hope he comes back in one piece.",
                "TalkJasperHome": "Jasper's been quiet ever since he came home. I'm not surprised, with what he must've gone through.#$b#He needs friends more than ever, @. I'm glad he has you.",
                "JasperHomeA": "That Peasbody person's been in touch with Jasper... They dated in college, you know.#$b#The two of them were like chalk and cheese, always bickering about something or another.#$b#It was like something out of a pulp romance.",
                "DwarfVisit": "I heard a strange sound in Jasper's old rooms last night... I think that cat must've got in somehow.#$b#I went in to have a look, and there were papers scattered everywhere.#$b#Funny thing is... I've no idea how it got in.",
                "JasperEngaged": "I've never seen Jasper so happy! It's like he's walking on clouds.#$b#You mean the world to him, @. Congratulations to you both!"
            },
            "When": {
                "HasMod": "andril11.charlie"
            }
        },
        { //Jasper meets Randy
			"LogName": "Museum2 Events",
			"Action": "EditData",
			"Target": "Data/Events/Custom_LK_Museum2",
			"Entries": {
                "5599026/p Jasper/f Randy 500/t 800 1200": "archaeo/16 12/Randy 19 19 0 Jasper 14 5 0 farmer 9 14 0/skippable/addMailReceived Randy_Jasper/move Randy 0 -2 0/move Randy -1 0 0/move Randy 0 -1 0/faceDirection Randy 1/pause 500/faceDirection Randy 3/pause 500/faceDirection Randy 0/jump Randy 1/emote Randy 16/pause 500/speed Randy 5/move Randy 0 -3 0/textAboveHead Randy \"{{i18n:5599026.0}}\"/speed Randy 5/move Randy 3 0 0/playSound openBox/pause 500/playSound clank/textAboveHead Randy \"{{i18n:5599026.00}}\"/jump Jasper 3/faceDirection Jasper 2/emote Jasper 8/move Jasper 0 5 2/playSound doorOpen/doAction 14 11/pause 500/move Jasper 0 3 1/faceDirection Randy 3/jump Randy 7/speed Randy 5/move Randy 0 1 0/shake Randy 1500/move Jasper 3 0 1/textAboveHead Jasper \"{{i18n:5599026.09}}\"/speak Jasper \"{{i18n:5599026.01}}\"/pause 500/shake Randy 1500/emote Randy 28/move Jasper 2 0 1/speak Jasper \"{{i18n:5599026.02}}\"/textAboveHead Randy \"{{i18n:5599026.11}}\"/pause 2000/textAboveHead Jasper \"{{i18n:5599026.12}}\"/move Randy 0 -1 3/speak Randy \"{{i18n:5599026.03}}\"/pause 500/jump Jasper 3/textAboveHead Jasper \"{{i18n:5599026.13}}\"/pause 4000/emote Jasper 40/speak Jasper \"{{i18n:5599026.04}}\"/jump Randy 5/speak Randy \"{{i18n:5599026.05}}\"/emote Jasper 32/speak Jasper \"{{i18n:5599026.06}}\"/emote Randy 32/speak Randy \"{{i18n:5599026.07}}\"/emote Jasper 20/speak Jasper \"{{i18n:5599026.08}}\"/jump Randy 5/pause 1000/end"
                  } 
                    }
        
    ]
}