{   

"Entries": {
	"Introduction": "애오옭? 애옹!$1",
    "Mon": "메야옹?",
    "Tue": "미야야야웅!$1",
    "Wed": "먀아아아아웅.$2",
    "Thu": "냐앙!$1",
    "Fri": "미유우우우웅.",
    "Sat": "냐 냐 뉴 냐 냔냐냥?$2",
    "Sun": "냐냥!$1",
    "Town_54_71": "애옹애웅 애우웅애웅!$3",
    "MrG_Friend": "냐앙!",
    "MrG_Rid": "냐아아앙",
    "rejectNPCA": "캬아아악!$5",
    "rejectNPCB": "%미스터 진저는 킁킁거리며 냄새를 맡더니 휙 머리를 돌렸다. 흥미가 없는 것 같다.",
    "engageA": "메야아아아.... 뭬야야야옹!$5",
"engageB": "%미스터 진저는 관심이 없어 보인다.",
"marriedA": "캬아아....캬악!$5",
"marriedB": "%미스터 진저는 행복해 보이지 않는다..",
"refusal_no_heartsA": "하아아악!$5",
"refusal_no_heartsB": "캬아악.$5"
}
}