{
    "Changes": [
        {
            "LogName": "Dialogue",
            "Action": "EditData",
            "Target": "Characters/Dialogue/Marlon",
            "When": {
                "HasMod |contains=FlashShifter.StardewValleyExpandedALL, Yoshimax.BefriendMarlon, Wolf.Marlon": false
            },
            "Entries": {
                "Mon": "Hey, good luck in the mines kid. Remember, make sure you take in enough food. There's creatures in there that'll knock you down in a heartbeat.",
                "Tue": "Clint helps out sometimes, with repairs to our swords. He's a man of many talents, our Clint.#$b#Shame he's so surly with it, and can't see his own worth.",
                "Wed": "Hey kid, if you find any old tools or equipment in the mines, bring them to me.#$b#Don't worry too much about the state of them - we'll get them fixed up good as new and sell them.#$b#How? Well we've got a mail-order system going across the republic.",
                "Thu": "How's the monster slaying going? Gil's keeping a running total of your conquests.#$b#How do we know? The Adventurer's Guild moves in mysterious ways.",
                "Fri": "How did I lose my eye? Let's just say I walked away from the encounter. My opponent didn't.#$b#And if you want the full story... you'll have to earn it.",
                "Sat": "Unlike most of the villagers, I won't be bribed into friendship by produce or trinkets.#$b#Prove yourself in the mines, and we'll see how it goes.",
                "Sun": "You've probably noticed there's something uncanny about the mines, @.#$b#My good friend, Professor Jasper, reckons that they're alive. Fanciful, yes, but there's an energy in there that makes the hairs on my neck stand on end.#$b#Be wary, and show her respect.",
                "spring_12_1": "Are you excited for the egg hunt, @? Keep an eye on young Abigail. She's the local egg-hunting champion!",
                "spring_12_2": "Hopefully all your spelunking and monster slaying will be of service in the egg hunt tomorrow.",
                "spring_23_1": "The Flower Dance is tomorrow. I'll be there - and I hope you shall too!",
                "spring_23_2": "I shall see you at the flower dance tomorrow.#$b#When I was younger, I used to be quite a nimble dancer. Ah, but maybe one day I'll get the chance again.",
                "summer_Mon": "Ah summer. It gets stifling in here. Sometimes after night patrol I'll take a quick dip in the lake.#$b#Oh, you'd have to be a real early bird to catch me, @!",
                "summer_Tue": "Ever wondered why there's the overnight curfew, @? The monsters come out after midnight.#$b#Gil and me, we patrol the town, trying to keep them controlled until dawn.",
                "summer_Wed": "Night patrol really does old Gil in. He'll sleep all day if I let him.#$b#Me? I usually get by on six hours. Any longer and the nightmares kick in.",
                "summer_Thu": "Despite the fact they're still burning, JojaCorp wants to open up the mines again.#$b#They'll pilage her for all she's worth. Yoba, maybe I should let them. Maybe the void will swallow them up.",
                "summer_Fri": "Be careful if you reach the lava levels, @. That fire's been burning for almost thirty years, and the shadow-beasts that lurk within are no natural beings.#$b#Who - what? - were they once? We don't know, but their touch can stop your heart.",
                "summer_Sat": "Someone I know kept a slime as a pet. All went well until it ate their neighbor's dog.",
                "summer_Sun": "It's a beautiful day today. Too nice to spend underground, ruining your clothes.#$b#If I were a few years younger, I'd head down to the beach myself, eat an ice cream and take a dip in the ocean.",
                "fall_Mon": "The nights are growing longer, the creatures less cautious. I caught a golem sneaking along the mountain path towards the town.#$b#They're puppets of the void, the inanimate given life. Upon death, they return to the state from whence they came.",
                "fall_Tue": "Do you know Rasmodius? He protects the valley from the spiritual threats, whilst Gill and I protect her from the physical ones.",
                "fall_Wed": "My family have helped defend the valley for generations. My nephew'll inherit the role some day, if he's willing.#$b#If he's not, I can only hope another will take up the sword in our defence.",
                "fall_18_2": "There is someone I should speak with today, but for all that I'm a monster slayer, I lack the courage.#$b#It's silly, isn't it, that in matters of the sword I am ready and willing... but in matters of the heart...#$b#Well, let's just say, give me a sword any day.",
                "winter_Mon": "The night patrols are starting to wear on me. I guess I'm finally starting to feel my age.",
                "winter_Tue": "The void becomes more restless in winter and more monsters breach the surface. Yesterday we caught rock crabs down as far as the beach!#$b#Imagine if Jas or Vincent had been about? Of course, it was 4am, but still!",
                "winter_Wed": "Is the void real, or metaphor? That's for you to decide, @. But there's no question that something beneath the valley is corrupting the wildlife.#$b#I've even heard rumors of void rabbits, but I think - hope! - that was a joke.",
                "winter_Thu": "Oh, I've considered retiring you know. Especially in winter when my leg reminds me of the past.#$b#But very few adventurers have the luxury of retirement, @. I expect one of these days a shadow-brute will get the better of me.",
                "winter_Fri": "I'm not as old as I look, kid. You see as many monsters as I have? Your hair will turn white too.",
                "summer_Mon_inlaw_Jasper": "Say hello to my dear friend Jasper. Gill and me miss his weekly visits.#$b#But I'm happy for him too. Every adventurer deserves a home to return to.",
                "summer_Mon_inlaw_Denver": "I hope my nephew's treating you well, kid. He's a good lad, and I'm glad he's found himself a soulmate.",
                "DwarfVisit": "I saw someone leaving your farm after midnight.#$b#Have you had any late night visitors?#$b#No? Oh... Well best keep an eye out then, @. Someone's snooping around...",
                "JasperEngaged": "So, I hear you've got yourself hitched - gonna make an honest man of our beloved Professor.#$b#Congratulations, @. Here's a wee engagement gift for you. I hope it contains something useful![275]"
            }
        },
        {
            "LogName": "Dialogue",
            "Action": "EditData",
            "Target": "Characters/Dialogue/Marlon",
            "Entries": {
                "fall_Wed": "You've met my nephew, Denver, right? Yeh, I know he's surly and all that. But his bark's worse than his bite. Trust me on that one.#$b#He's a good boy, he really is."
            },
            "When": {
                "HasMod |contains=FlashShifter.StardewValleyExpandedALL": false,
                "Hearts:Denver": "1,2"
            }
        },
        {
            "LogName": "Dialogue",
            "Action": "EditData",
            "Target": "Characters/Dialogue/Marlon",
            "Entries": {
                "fall_Thu": "Denver's quite skilled with the sword. The kid's loyal, and doggedly determined. Might let him sink his teeth into a night patrol soon.",
                "winter_Thu": "He's a good boy, Denver. I promised my sister I'd keep an eye on him. Yep, that's right kid, I've got a sister.#$b#She took up the city life, but Denver, well I guess the wilderness called to him.",
                "summer_Sat": "I found an old demo tape the other day - you know Denver used to play in a band?#$b#They really weren't half bad. Kid's got quite some talent."
            },
            "When": {
                "HasMod |contains=FlashShifter.StardewValleyExpandedALL": false,
                "Hearts:Denver": "5,6,7,8"
            }
        },
        {
            "LogName": "Dialogue",
            "Action": "EditData",
            "Target": "Characters/Dialogue/Marlon",
            "Entries": {
                "fall_Thu": "Did you know wolves mate for life, @? Very family-driven canines.#$b#Why am I telling you this? Oh no reason.",
                "winter_Thu": "Hey kid, keep an eye on Denver for me, won't you? His mom'd flay me alive if anything happened to him.#$b#I've fought plenty of monsters, and she's scarier than all of 'em combined.",
                "summer_Sat": "Ah, if Denver keeps going the way he's going, maybe I'll be able to actually retire.#$b#You've been a good influence on him, @."
            },
            "When": {
                "HasMod |contains=FlashShifter.StardewValleyExpandedALL": false,
                "Relationship:Denver": "Dating"
            }
        },
        {
            "LogName": "Dialogue",
            "Action": "EditData",
            "Target": "Characters/Dialogue/Marlon",
            "Entries": {
                "spring_Wed": "Marnie and I were friends once, back in school. Yeah, I was a few years older - but we Pelican Town kids had to stick together.#$b#I guess we drifted apart; it'll be good to catch up with her at the flower dance though.",
                "winter_Sat": "On these long, cold nights, I can't help but feel a bit lonely, kid. Gil's decent company - when he's awake. But it ain't the same, you know?",
                "winter_Sun": "It's a lonely life, being a monster hunter. Don't wanna settle down, get married, have kids. Leave them wondering if dad's gonna come home.#$b#Sorry, kid. On these long winter nights, the void can fill your heart with regret.#$b#There's something I should've said, once. But that ship has sailed."
            },
            "When": {
                "HasMod |contains=FlashShifter.StardewValleyExpandedALL": false,
                "Hearts:Marnie": "6,7,8,9,10"
            }
        },
        {
            "LogName": "Dialogue",
            "Action": "EditData",
            "Target": "Characters/Dialogue/Marlon, Characters/Dialogue/MarlonFay",
            "Entries": {
                "spring_Wed": "$1 Marl_Rumor#Tell me, @. Is there truth to the rumors of Ms Marnie and the mayor?#$b#Oh, no reason. I'm just curious.$k#$e#Spring is the time of new beginnings and fresh starts, isn't it, @? But if she's happy with Lewis, who am I to begrudge her that happiness?#$b#An old man plagued with regret that he did not speak his feelings sooner. That's who."
            },
            "When": {
                "Hearts:Marnie": "8,9,10"
            }
        },
        //Compatibility with Added Dialogue for SVE, Needs to be checked through before releasing.
        {
            "LogName": "Dialogue",
            "Action": "EditData",
            "Target": "Characters/Dialogue/MarlonFay",
            "Entries": {
                "Mon4": "Hey, good luck in the mines. Make you take in enough food. There's creatures in there that'll knock you down in a heartbeat.",
                "Tue4": "Clint repairs our swords. He's a man of many talents, our Clint.#$b#Shame he's so surly with it, and can't see his own worth.",
                "Wed2": "If you find any old tools or equipment in the mines, bring them to me.#$b#Don't worry too much about the state of them - we'll get em fixed up good as new.",
                "Thu4": "How's the monster slaying going? Gil's keeping a running total of your conquests.#$b#How do we know? The Adventurer's Guild moves in mysterious ways.",
                "Fri2": "How did I lose my eye? Let's just say I walked away from the encounter. My opponent didn't.#$b#And if you want the full story... you'll have to earn it.",
                "Sun4": "You've probably noticed there's something uncanny about the mines, @.#$b#My friend, Professor Jasper, reckons that they're alive. Fanciful, yes, but there's an energy in there that makes the hairs on my neck stand on end.#$b#Be wary, and show her respect.",
                "spring_23_1": "The Flower Dance is tomorrow. I'll be there - and I hope you shall too!",
                "spring_23_2": "I shall see you at the flower dance tomorrow.#$b#When I was younger, I used to be quite a nimble dancer.#$b#Now I only ever do the dance of the blade...$2",
                "summer_Mon2": "Ah summer. It gets stifling in here. Sometimes after night patrol I'll take a quick dip in the river.#$b#Oh, you'd have to be a up before the dawn to catch me, @!",
                "summer_Wed4": "Night patrol really does old Gil in. He'll sleep all day if I let him.#$b#Me? I usually get by on six hours. Any longer and the nightmares kick in.",
                "summer_Fri4": "Be careful when you reach the lava levels, @. That fire's been burning for decades, and the shadow-beasts that lurk within are no natural beings; their touch can stop your heart.",
                "summer_Sat4": "Someone I know kept a slime as a pet. All went well until it ate their neighbor's dog.",
                "summer_Sun4": "It's a beautiful day today. Too nice to spend underground, ruining your clothes.#$b#If I were a few years younger, I'd head down to the beach myself and take a dip in the ocean.",
                "fall_18_2": "There's someone I should speak with today, but for all that I'm a monster slayer, I lack the courage.#$b#Silly, isn't it, in matters of the sword I'm ready and willing... but in matters of the heart...#$b#Well, let's just say, give me a sword any day.",
                "winter_Mon4": "The night patrols are starting to wear on me. I guess I'm finally starting to feel my age.",
                "winter_Tue4": "The void becomes more restless in winter and more monsters breach the surface. Yesterday we caught rock crabs down as far as the beach!",
                "winter_Thu4": "Oh, I've considered retiring you know. Especially in winter when my leg reminds me of the past.#$b#But very few adventurers have the luxury of retirement, @. I expect one of these days a shadow-brute'll get the better of me.",
                "winter_Fri4": "I'm not as old as I look, kid. You see as many monsters as I have? Your hair'll turn white too.",
                "winter_Sun8": "It's a lonely life, being a monster hunter. Don't wanna settle down, get married, have kids.#$b#Leave them wondering if dad's gonna come home.$2#$b#Sorry, @. On these long winter nights, the void can fill your heart with memories and regret.",
                "summer_Mon_inlaw_Jasper": "Say hello to my dear friend Jasper. Gill and me miss his weekly visits.#$b#But I'm happy for him too. Every adventurer deserves a home to return to.",
                "summer_Mon_inlaw_Denver": "I hope my nephew's treating you well, kid. He's a good lad, and I'm glad he's found himself a soulmate.",
                "DwarfVisit": "I saw someone leaving your farm after midnight.#$b#Have you had any late night visitors?#$b#No? Oh... Well best keep an eye out then, @. Someone's snooping around...",
                "JasperEngaged": "So, I hear you've got yourself hitched - gonna make an honest man of our beloved Professor.#$b#Congratulations, @. Here's a wee engagement gift for you. I hope it contains something useful![275]"
            },
            "When": {
                "HasMod": "FlashShifter.StardewValleyExpandedALL"
            }
        },
        {
            "LogName": "Dialogue",
            "Action": "EditData",
            "Target": "Characters/Dialogue/Marlon",
            "When": {
                "PlayerName": "Sunny, Sunshine"
            },
            "Entries": {
                "Mon": "Good luck in the mines, lad. Remember, make sure you take in enough food. There's creatures in there that'll knock you down in a heartbeat.^Good luck in the mines, lass. Remember, make sure you take in enough food. There's creatures in there that'll knock you down in a heartbeat.",
                "Wed": "Hey lad, if you find any old tools or equipment in the mines, bring them to me.^Hey lass, if you find any old tools or equipment in the mines, bring them to me.#$b#Don't worry too much about the state of them - we'll get them fixed up good as new and sell them.#$b#How? Well we've got a mail-order system going across the republic.",
                "winter_Fri": "I'm not as old as I look, lad. You see as many monsters as I have? Your hair will turn white too.^I'm not as old as I look, lass. You see as many monsters as I have? Your hair will turn white too.",
                "winter_Sat8": "On these long, cold nights, I can't help but feel a bit lonely, lad. Gil's decent company - when he's awake. But it ain't the same, you know?^On these long, cold nights, I can't help but feel a bit lonely, lass. Gil's decent company - when he's awake. But it ain't the same, you know?",
                "winter_Sun8": "It's a lonely life, being a monster hunter. Don't wanna settle down, get married, have kids. Leave them wondering if dad's gonna come home.#$b#Sorry, lad. On these long winter nights, the void can fill your heart with regret.^Sorry, lass. On these long winter nights, the void can fill your heart with regret.#$b#There's something I should've said, once. But that ship has sailed.",
            }
        }
    ]
}