{
    "Changes": [
        //Jacob
        {
            "Action": "EditData",
            "Target": "Data/ConcessionTastes",
            "Entries": {
                "Jacob": {
                    "Name": "Jacob",
                    "LovedTags": [
                        "Fries",
                        "Cappuccino Mousse Cake"
                    ],
                    "LikedTags": [
                        "Salted Peanuts"
                    ],
                    "DislikedTags": [
                        "Kale Smoothie",
                        "JojaCorn"
                    ]
                },
                "Aideen": {
                    "Name": "Aideen",
                    "LovedTags": [
                        "Jasmine Tea",
                        "Panzanella Sandwich",
                        "Cappuccino Mousse Cake"
                    ],
                    "LikedTags": [
                        "Gourmet"
                    ],
                    "DislikedTags": [
                        "Rock Candy",
                        "Salted Peanuts"
                    ]
                },
                "Eloise": {
                    "Name": "Eloise",
                    "LovedTags": [
                        "Cotton Candy",
                        "Ice Cream Sandwich"
                    ],
                    "LikedTags": [
                        "Sweet"
                    ],
                    "DislikedTags": [
                        "Kale Smoothie",
                        "Black Licorice"
                    ]
                },
                "JosephineK": {
                    "Name": "JosephineK",
                    "LovedTags": [
                        "Stardrop Sorbet",
                        "Cappuccino Mousse Cake",
                        "Jasmine Tea"
                    ],
                    "LikedTags": [
                        "Healthy"
                    ],
                    "DislikedTags": [
                        "Cotton Candy",
                        "Jawbreaker"
                    ]
                },
                "OliverK": {
                    "Name": "OliverK",
                    "LovedTags": [
                        "Fries",
                        "Popcorn",
                        "Nachos",
                        "Personal Pizza"
                    ],
                    "LikedTags": [
                        "Salty",
                        "Healthy"
                    ],
                    "DislikedTags": [
                        "Sweet"
                    ]
                },
                "LexiMonster": {
                    "Name": "LexiMonster",
                    "LovedTags": [
                        "Stardrop Sorbet",
                        "Cotton Candy",
                        "Star Cookie"
                    ],
                    "LikedTags": [
                        "Sweet"
                    ],
                    "DislikedTags": [
                        "Kale Smoothie",
                        "Jawbreaker"
                    ]
                },
                "Rosa": {
                    "Name": "Rosa",
                    "LovedTags": [
                        "Cappuccino Mousse Cake",
                        "Salted Peanuts"
                    ],
                    "LikedTags": [
                        "Sweet",
                        "Sour Slimes",
                        "Healthy"
                    ],
                    "DislikedTags": [
                        "Kale Smoothie",
                        "Jasmine Tea"
                    ]
                }
            }
        },
        {
            "Action": "EditData",
            "Target": "Data/MoviesReactions",
            "Entries": {
                "Jacob": {
                    "NPCName": "Jacob",
                    "Reactions": [
                        {
                            "Tag": "spring_movie_1",
                            "Response": "like",
                            "Whitelist": [],
                            "SpecialResponses": {
                                "BeforeMovie": {
                                    "ResponsePoint": null,
                                    "Script": "",
                                    "Text": "{{i18n:movies.jacob.1}}"
                                },
                                "DuringMovie": {
                                    "ResponsePoint": null,
                                    "Script": "/message \"{{i18n:movies.jacob.2}}\"",
                                    "Text": "{{i18n:movies.jacob.3}}"
                                },
                                "AfterMovie": {
                                    "ResponsePoint": null,
                                    "Script": "",
                                    "Text": "{{i18n:movies.jacob.4}}"
                                }
                            },
                            "ID": "reaction_1"
                        },
                        {
                            "Tag": "horror",
                            "Response": "dislike",
                            "Whitelist": [],
                            "SpecialResponses": {
                                "BeforeMovie": {
                                    "ResponsePoint": null,
                                    "Script": "",
                                    "Text": "{{i18n:movies.jacob.5}}"
                                },
                                "DuringMovie": {
                                    "ResponsePoint": null,
                                    "Script": "/message \"{{i18n:movies.jacob.6}}\"",
                                    "Text": ""
                                },
                                "AfterMovie": {
                                    "ResponsePoint": null,
                                    "Script": "",
                                    "Text": "{{i18n:movies.jacob.7}}"
                                }
                            },
                            "ID": "reaction_2"
                        },
                        {
                            "Tag": "comedy",
                            "Response": "like",
                            "Whitelist": [],
                            "SpecialResponses": {
                                "BeforeMovie": {
                                    "ResponsePoint": null,
                                    "Script": "",
                                    "Text": "{{i18n:movies.jacob.8}}"
                                },
                                "DuringMovie": {
                                    "ResponsePoint": null,
                                    "Script": "",
                                    "Text": ""
                                },
                                "AfterMovie": {
                                    "ResponsePoint": null,
                                    "Script": "",
                                    "Text": "{{i18n:movies.jacob.9}}"
                                }
                            },
                            "ID": "reaction_3"
                        },
                        {
                            "Tag": "winter_movie_1",
                            "Response": "love",
                            "Whitelist": [],
                            "SpecialResponses": {
                                "BeforeMovie": {
                                    "ResponsePoint": null,
                                    "Script": "",
                                    "Text": "{{i18n:movies.jacob.10}}"
                                },
                                "DuringMovie": {
                                    "ResponsePoint": null,
                                    "Script": "/message \"{{i18n:movies.jacob.11}}\"",
                                    "Text": ""
                                },
                                "AfterMovie": {
                                    "ResponsePoint": null,
                                    "Script": "",
                                    "Text": "{{i18n:movies.jacob.12}}"
                                }
                            },
                            "ID": "reaction_4"
                        },
                        {
                            "Tag": "*",
                            "Response": "like",
                            "Whitelist": [],
                            "SpecialResponses": {
                                "BeforeMovie": {
                                    "ResponsePoint": null,
                                    "Script": "",
                                    "Text": "{{i18n:movies.jacob.13}}"
                                },
                                "DuringMovie": null,
                                "AfterMovie": {
                                    "ResponsePoint": null,
                                    "Script": "",
                                    "Text": "{{i18n:movies.jacob.14}}"
                                }
                            },
                            "ID": "reaction_0"
                        }
                    ]
                },
                "Aideen": {
                    "NPCName": "Aideen",
                    "Reactions": [
                        {
                            "Tag": "horror",
                            "Response": "dislike",
                            "Whitelist": [],
                            "SpecialResponses": {
                                "BeforeMovie": {
                                    "ResponsePoint": null,
                                    "Script": "",
                                    "Text": "{{i18n:movies.aideen.1}}"
                                },
                                "DuringMovie": {
                                    "ResponsePoint": null,
                                    "Script": "",
                                    "Text": "I don't feel well."
                                },
                                "AfterMovie": {
                                    "ResponsePoint": null,
                                    "Script": "",
                                    "Text": "{{i18n:movies.aideen.2}}"
                                }
                            },
                            "ID": "reaction_1"
                        },
                        {
                            "Tag": "summer_movie_1",
                            "Response": "love",
                            "Whitelist": [],
                            "SpecialResponses": {
                                "BeforeMovie": {
                                    "ResponsePoint": null,
                                    "Script": "",
                                    "Text": "{{i18n:movies.aideen.3}}"
                                },
                                "DuringMovie": {
                                    "ResponsePoint": null,
                                    "Script": "/Message \"{{i18n:movies.aideen.4}}\"",
                                    "Text": ""
                                },
                                "AfterMovie": {
                                    "ResponsePoint": null,
                                    "Script": "",
                                    "Text": "{{i18n:movies.aideen.5}}"
                                }
                            },
                            "ID": "reaction_2"
                        },
                        {
                            "Tag": "winter_movie_1",
                            "Response": "love",
                            "Whitelist": [],
                            "SpecialResponses": {
                                "BeforeMovie": {
                                    "ResponsePoint": null,
                                    "Script": "",
                                    "Text": "{{i18n:movies.aideen.6}}"
                                },
                                "DuringMovie": {
                                    "ResponsePoint": null,
                                    "Script": "/Message \"{{i18n:movies.aideen.7}}\"",
                                    "Text": ""
                                },
                                "AfterMovie": {
                                    "ResponsePoint": null,
                                    "Script": "",
                                    "Text": "{{i18n:movies.aideen.8}}"
                                }
                            },
                            "ID": "reaction_3"
                        },
                        {
                            "Tag": "*",
                            "Response": "like",
                            "Whitelist": [],
                            "SpecialResponses": {
                                "BeforeMovie": {
                                    "ResponsePoint": null,
                                    "Script": "",
                                    "Text": "{{i18n:movies.aideen.9}}"
                                },
                                "DuringMovie": null,
                                "AfterMovie": {
                                    "ResponsePoint": null,
                                    "Script": "",
                                    "Text": "{{i18n:movies.aideen.10}}"
                                }
                            },
                            "ID": "reaction_0"
                        }
                    ]
                },
                "Eloise": {
                    "NPCName": "Eloise",
                    "Reactions": [
                        {
                            "Tag": "horror",
                            "Response": "dislike",
                            "Whitelist": [],
                            "SpecialResponses": {
                                "BeforeMovie": {
                                    "ResponsePoint": null,
                                    "Script": "",
                                    "Text": "{{i18n:movies.eloise.1}}"
                                },
                                "DuringMovie": {
                                    "ResponsePoint": null,
                                    "Script": "",
                                    "Text": "{{i18n:movies.eloise.2}}"
                                },
                                "AfterMovie": {
                                    "ResponsePoint": null,
                                    "Script": "",
                                    "Text": "{{i18n:movies.eloise.3}}"
                                }
                            },
                            "ID": "reaction_1"
                        },
                        {
                            "Tag": "comedy",
                            "Response": "love",
                            "Whitelist": [],
                            "SpecialResponses": {
                                "BeforeMovie": {
                                    "ResponsePoint": null,
                                    "Script": "",
                                    "Text": "{{i18n:movies.eloise.4}}"
                                },
                                "DuringMovie": {
                                    "ResponsePoint": null,
                                    "Script": "/Message \"{{i18n:movies.eloise.5}}\"",
                                    "Text": ""
                                },
                                "AfterMovie": {
                                    "ResponsePoint": null,
                                    "Script": "",
                                    "Text": "{{i18n:movies.eloise.6}}"
                                }
                            },
                            "ID": "reaction_2"
                        },
                        {
                            "Tag": "spring_movie_1",
                            "Response": "love",
                            "Whitelist": [],
                            "SpecialResponses": {
                                "BeforeMovie": {
                                    "ResponsePoint": null,
                                    "Script": "",
                                    "Text": "{{i18n:movies.eloise.7}}"
                                },
                                "DuringMovie": {
                                    "ResponsePoint": null,
                                    "Script": "",
                                    "Text": "{{i18n:movies.eloise.8}}"
                                },
                                "AfterMovie": {
                                    "ResponsePoint": null,
                                    "Script": "",
                                    "Text": "{{i18n:movies.eloise.9}}"
                                }
                            },
                            "ID": "reaction_3"
                        },
                        {
                            "Tag": "*",
                            "Response": "like",
                            "Whitelist": [],
                            "SpecialResponses": {
                                "BeforeMovie": {
                                    "ResponsePoint": null,
                                    "Script": "",
                                    "Text": "{{i18n:movies.eloise.10}}"
                                },
                                "DuringMovie": null,
                                "AfterMovie": {
                                    "ResponsePoint": null,
                                    "Script": "",
                                    "Text": "{{i18n:movies.eloise.11}}"
                                }
                            },
                            "ID": "reaction_0"
                        }
                    ]
                },
                "Leximonster": {
                    "NPCName": "Leximonster",
                    "Reactions": [
                        {
                            "Tag": "spring_movie_0",
                            "Response": "love",
                            "Whitelist": [],
                            "SpecialResponses": {
                                "BeforeMovie": {
                                    "ResponsePoint": null,
                                    "Script": "",
                                    "Text": "{{i18n:movies.lexi.1}}"
                                },
                                "DuringMovie": {
                                    "ResponsePoint": "sprout_leave",
                                    "Script": "",
                                    "Text": "{{i18n:movies.lexi.2}}"
                                },
                                "AfterMovie": {
                                    "ResponsePoint": null,
                                    "Script": "",
                                    "Text": "{{i18n:movies.lexi.3}}"
                                }
                            },
                            "ID": "reaction_1"
                        },
                        {
                            "Tag": "spring_movie_1",
                            "Response": "love",
                            "Whitelist": [],
                            "SpecialResponses": {
                                "BeforeMovie": {
                                    "ResponsePoint": null,
                                    "Script": "",
                                    "Text": "{{i18n:movies.lexi.4}}"
                                },
                                "DuringMovie": {
                                    "ResponsePoint": null,
                                    "Script": "",
                                    "Text": "{{i18n:movies.lexi.5}}"
                                },
                                "AfterMovie": {
                                    "ResponsePoint": null,
                                    "Script": "",
                                    "Text": "{{i18n:movies.lexi.6}}"
                                }
                            },
                            "ID": "reaction_2"
                        },
                        {
                            "Tag": "*",
                            "Response": "dislike",
                            "Whitelist": [],
                            "SpecialResponses": {
                                "BeforeMovie": {
                                    "ResponsePoint": null,
                                    "Script": "",
                                    "Text": "{{i18n:movies.lexi.7}}"
                                },
                                "DuringMovie": {
                                    "ResponsePoint": null,
                                    "Script": "",
                                    "Text": "{{i18n:movies.lexi.8}}"
                                },
                                "AfterMovie": {
                                    "ResponsePoint": null,
                                    "Script": "",
                                    "Text": "{{i18n:movies.lexi.9}}"
                                }
                            },
                            "ID": "reaction_0"
                        }
                    ]
                },
                "JosephineK": {
                    "NPCName": "JosephineK",
                    "Reactions": [
                        {
                            "Tag": "horror",
                            "Response": "dislike",
                            "Whitelist": [],
                            "SpecialResponses": {
                                "BeforeMovie": {
                                    "ResponsePoint": null,
                                    "Script": "",
                                    "Text": "{{i18n:movies.josephine.1}}"
                                },
                                "DuringMovie": {
                                    "ResponsePoint": null,
                                    "Script": "/message \"{{i18n:movies.josephine.2}}",
                                    "Text": ""
                                },
                                "AfterMovie": {
                                    "ResponsePoint": null,
                                    "Script": "",
                                    "Text": "{{i18n:movies.josephine.3}}"
                                }
                            },
                            "ID": "reaction_1"
                        },
                        {
                            "Tag": "comedy",
                            "Response": "dislike",
                            "Whitelist": [],
                            "SpecialResponses": {
                                "BeforeMovie": {
                                    "ResponsePoint": null,
                                    "Script": "",
                                    "Text": "{{i18n:movies.josephine.4}}"
                                },
                                "DuringMovie": {
                                    "ResponsePoint": null,
                                    "Script": "",
                                    "Text": ""
                                },
                                "AfterMovie": {
                                    "ResponsePoint": null,
                                    "Script": "",
                                    "Text": "{{i18n:movies.josephine.5}}"
                                }
                            },
                            "ID": "reaction_2"
                        },
                        {
                            "Tag": "winter_movie_1",
                            "Response": "love",
                            "Whitelist": [],
                            "SpecialResponses": {
                                "BeforeMovie": {
                                    "ResponsePoint": null,
                                    "Script": "",
                                    "Text": "{{i18n:movies.josephine.6}}"
                                },
                                "DuringMovie": {
                                    "ResponsePoint": null,
                                    "Script": "/message \"{{i18n:movies.josephine.7}}\"",
                                    "Text": ""
                                },
                                "AfterMovie": {
                                    "ResponsePoint": null,
                                    "Script": "",
                                    "Text": "{{i18n:movies.josephine.8}}"
                                }
                            },
                            "ID": "reaction_3"
                        },
                        {
                            "Tag": "*",
                            "Response": "like",
                            "Whitelist": [],
                            "SpecialResponses": {
                                "BeforeMovie": {
                                    "ResponsePoint": null,
                                    "Script": "",
                                    "Text": "{{i18n:movies.josephine.9}}"
                                },
                                "DuringMovie": null,
                                "AfterMovie": {
                                    "ResponsePoint": null,
                                    "Script": "",
                                    "Text": "{{i18n:movies.josephine.10}}"
                                }
                            },
                            "ID": "reaction_0"
                        }
                    ]
                },
                "OliverK": {
                    "NPCName": "OliverK",
                    "Reactions": [
                        {
                            "Tag": "horror",
                            "Response": "like",
                            "Whitelist": [],
                            "SpecialResponses": {
                                "BeforeMovie": {
                                    "ResponsePoint": null,
                                    "Script": "",
                                    "Text": "{{i18n:movies.oliver.1}}"
                                },
                                "DuringMovie": {
                                    "ResponsePoint": null,
                                    "Script": "/message \"{{i18n:movies.oliver.2}}\"",
                                    "Text": ""
                                },
                                "AfterMovie": {
                                    "ResponsePoint": null,
                                    "Script": "",
                                    "Text": "{{i18n:movies.oliver.3}}"
                                }
                            },
                            "ID": "reaction_1"
                        },
                        {
                            "Tag": "summer_movie_1",
                            "Response": "love",
                            "Whitelist": [],
                            "SpecialResponses": {
                                "BeforeMovie": {
                                    "ResponsePoint": null,
                                    "Script": "",
                                    "Text": "{{i18n:movies.oliver.4}}"
                                },
                                "DuringMovie": {
                                    "ResponsePoint": null,
                                    "Script": "",
                                    "Text": ""
                                },
                                "AfterMovie": {
                                    "ResponsePoint": null,
                                    "Script": "",
                                    "Text": "{{i18n:movies.oliver.5}}"
                                }
                            },
                            "ID": "reaction_2"
                        },
                        {
                            "Tag": "classic",
                            "Response": "dislike",
                            "Whitelist": [],
                            "SpecialResponses": {
                                "BeforeMovie": {
                                    "ResponsePoint": null,
                                    "Script": "",
                                    "Text": "{{i18n:movies.oliver.6}}"
                                },
                                "DuringMovie": {
                                    "ResponsePoint": null,
                                    "Script": "/message \"{{i18n:movies.oliver.7}}\"",
                                    "Text": ""
                                },
                                "AfterMovie": {
                                    "ResponsePoint": null,
                                    "Script": "",
                                    "Text": "{{i18n:movies.oliver.8}}"
                                }
                            },
                            "ID": "reaction_3"
                        },
                        {
                            "Tag": "*",
                            "Response": "like",
                            "Whitelist": [],
                            "SpecialResponses": {
                                "BeforeMovie": {
                                    "ResponsePoint": null,
                                    "Script": "",
                                    "Text": "{{i18n:movies.oliver.9}}"
                                },
                                "DuringMovie": null,
                                "AfterMovie": {
                                    "ResponsePoint": null,
                                    "Script": "",
                                    "Text": "{{i18n:movies.oliver.10}}"
                                }
                            },
                            "ID": "reaction_0"
                        }
                    ]
                },
                "Rosa": {
                    "NPCName": "Rosa",
                    "Reactions": [
                        {
                            "Tag": "romance",
                            "Response": "like",
                            "Whitelist": [],
                            "SpecialResponses": {
                                "BeforeMovie": {
                                    "ResponsePoint": null,
                                    "Script": "",
                                    "Text": "{{i18n:movies.rosa.1}}"
                                },
                                "DuringMovie": {
                                    "ResponsePoint": null,
                                    "Script": "/message \"{{i18n:movies.rosa.2}}\"",
                                    "Text": ""
                                },
                                "AfterMovie": {
                                    "ResponsePoint": null,
                                    "Script": "",
                                    "Text": "{{i18n:movies.rosa.3}}"
                                }
                            },
                            "ID": "reaction_1"
                        },
                        {
                            "Tag": "summer_movie_0",
                            "Response": "love",
                            "Whitelist": [],
                            "SpecialResponses": {
                                "BeforeMovie": {
                                    "ResponsePoint": null,
                                    "Script": "",
                                    "Text": "{{i18n:movies.rosa.4}}"
                                },
                                "DuringMovie": {
                                    "ResponsePoint": null,
                                    "Script": "",
                                    "Text": ""
                                },
                                "AfterMovie": {
                                    "ResponsePoint": null,
                                    "Script": "",
                                    "Text": "{{i18n:movies.rosa.5}}"
                                }
                            },
                            "ID": "reaction_2"
                        },
                        {
                            "Tag": "horror",
                            "Response": "dislike",
                            "Whitelist": [],
                            "SpecialResponses": {
                                "BeforeMovie": {
                                    "ResponsePoint": null,
                                    "Script": "",
                                    "Text": "{{i18n:movies.rosa.6}}"
                                },
                                "DuringMovie": {
                                    "ResponsePoint": null,
                                    "Script": "/message \"{{i18n:movies.rosa.7}}\"",
                                    "Text": ""
                                },
                                "AfterMovie": {
                                    "ResponsePoint": null,
                                    "Script": "",
                                    "Text": "{{i18n:movies.rosa.8}}"
                                }
                            },
                            "ID": "reaction_3"
                        },
                        {
                            "Tag": "*",
                            "Response": "like",
                            "Whitelist": [],
                            "SpecialResponses": {
                                "BeforeMovie": {
                                    "ResponsePoint": null,
                                    "Script": "",
                                    "Text": "{{i18n:movies.rosa.9}}"
                                },
                                "DuringMovie": null,
                                "AfterMovie": {
                                    "ResponsePoint": null,
                                    "Script": "",
                                    "Text": "{{i18n:movies.rosa.10}}"
                                }
                            },
                            "ID": "reaction_0"
                        }
                    ]
                }
            }
        }
    ]
}