{
  "companionAccepted": "Spend some time with you? Oh yes, that sounds agreeable.$1",
  "companionAccepted_Spouse": "You wish to spend some time with me? That would be wonderful.#$b#Where shall we go, beloved?$1",
  "companionRejected": "I am sorry... I am busy with my research. But maybe another time?$2",
  "companionRejectedNight": "Oh, I am afraid it is too late, perhaps tomorrow?",
  "companionRejectedNight_Spouse": "Oh beloved, as much as I would enjoy a late night adventure...$b#I'm afraid I shall have to decline.$2",
  "companionDismiss": "Yes, I suppose it is time I headed home. Fare well, @.",
  "companionDismissAuto": "Oh, is that the time? I had best head home. Fare well, @.",
  "companionDismiss_Spouse": "Oh my love, well that was fun but yes, I should head home.#$b#Take care of yourself and stay out of trouble.$1",
  "companionDismissAuto_Spouse": "Oh my love, it's time I headed home.#$b#I'll warm up the bed for you, shall I? Please, don't be up too late!$1",
  "companionRecruited": "Oh yes, I would be delighted! Thank you for the invitation.",
  "companionRecruited_Spouse": "Indeed, I would love to spend some time with you today.",
  "companionSuggest": "Oh, my research is completed for today, and my legs could do with a stretch.#$q -1 -1#Would you like some company today?#$r -1 0 Yes#Yes!#$r -1 0 No#No thanks..",
  "companionSuggest_Yes": "Excellent!",
  "companionSuggest_No": "Very well then...",
  "companionOnce_Farm": "Oh, this place has certainly changed from your grandfather's days.#$b#I used to help him sometimes, you know... although I fear I was too easily distracted.$3",
  "companion_Farm": "It is rewarding, isn't it? To see, and eat, the fruits of your labors. Or the vegetables too, I suppose!$3",
  "companion_Farm_Spouse": "Ah, home sweet home. I never dreamed I would be living on a farm.#$b#It is a peaceful life, and I adore it. And you too, @.$4",
  "companion_Mine": "Oh...@... In truth, I am a little nervous. This place... it brings back bad memories.$2#$b#But perhaps it is good... perhaps the best way to defeat fear is to confront it.",
  "companionOnce_Forest": "...What was that? You know, my mother used to say fairies lived in these woods.#$b#There is magic here, @. Can you feel it?$3",
  "companion_Forest": "What was that sound? A bird?#$b#Oh, I do not think so!",
  "companion_Town_Night": "The town is so peaceful at night, isn't it? Except the saloon. Oh, it's too rowdy for my tastes!$1",
  "companion_Town_Rainy": "The town feels abandoned in the rain. Like everyone is trying to hide from it.",
  "companion_Saloon": "Oh, it is so noisy in here! I can barely hear myself think!$2",
  //"companion_Hospital": "",
  //"companion_Blacksmith": "",
  //"companion_SeedShop": "Pierre",
  "companionRepeat_WizardHouse": "Ah, greetings Rasmodius. I hope your research is coming along well.",
  "companion_Beach": "Sometimes my father would bury stones on the beach, and together we would hunt for buried treasure.#$b#I miss him, @.$2",
  "companion_Beach_Night": "The stars are so infinite. They make me feel quite insignificant, @.#$b#Do you think there are other worlds out there? That somewhere, someone is staring at their sky and wondering too, if they are not alone?$1",
  "companion_ArchaeologyHouse": "You can almost smell the history, can you not? Oh, there is something special about books. Something all the computers in the world can never replace.",
  "companion_BathHouse_WomensLocker": "I don't feel I should be in here...$2",
  "companion_Mountain": "Oh, that climb has certainly taken it out of me. These legs... well... they aren't as young as they used to be!$2",
  "companion_Desert": "There are legends about this place, you know.#$b#Of the great dragon that once lived here, and the legions of warriors that came to defeat him.",
  "companion_SkullCave": "Oh... there is darkness here, @. I would ask that you do not invite me in...$2#$b#...But I would not wish for you to enter here alone.$2"
}