{    "Entries": {
	"Rainy_Day_0": "今天外面有点潮湿.小心, @. 我不想让你感冒.",
    "Rainy_Day_1": "啊,雨天适合小睡.哦,我在跟谁开玩笑?#$b#每天都有利于午睡!",
    "Rainy_Day_2": "贾斯喜欢给我读《美女与野兽》.有没有想过我们的安排有点像那样?#$b#哦,我很漂亮,我是说,看看这条尾巴!",
    "Rainy_Day_3": "嗯,今天是打猎青蛙的好日子.但是我的毛会湿的...#$b#人生充满了艰难的决定, @.",
    "Rainy_Day_4": "你要出去吗?你能打开会说话的彩盒吗?#$b#别担心,我会帮你把你最喜欢的椅子保暖.",
    "patio_MisterGinger": "啊,我的王国.哦,对不起,我们的王国.很漂亮,不是吗?",
    "spouseRoom_MisterGinger": "啊,今天怎么办?也许是小睡...或者读一些闲书.",
    "Rainy_Night_0": "你闻起来很潮湿.我打赌你很冷.来,和我蜷缩在一起.$#$b#我们可以互相取暖.$4",
    "Rainy_Night_1": "过来抱抱我.但愿你能给我读个故事?#$b#看到我在那里做了什么吗?哦,你又可爱又温暖.$4",
    "Rainy_Night_2": "哦,你全身湿透了.不,不要拥抱！啊,我受不了湿毛.#$b#我知道你很高兴见到我...但你不能先把自己擦干吗?呼噜-噜?$2",
    "Rainy_Night_3": "对不起,我想现在是脱毛期,恐怕我弄得一团糟.#$b#我想拿把扫帚,但是,没有手,看.",
    "Rainy_Night_4": "花了一整天的时间.房子应该没有害虫!#$b#不客气.",
    "Rainy_Night_5": "我整天都在看电视?我会让你知道的, @, 我一直在深入研究人类行为.#$b#好吧,是的,在电视上.你知道,如果人们只是说出他们的想法,人类的求爱会简单得多.#$b#你说得对,那就没那么有趣了.",
    "Indoor_Day_0": "啊-啊-啊嚏！你给自己喷了些香水吗?$2#$b#我更喜欢你的自然气味：阳光和刚割过的草,还有一丝木烟.#$b#你闻起来像家.$3",
    "Indoor_Day_1": "你今天有什么计划?我希望它们涉及到鱼.它们涉及到鱼吗?",
    "Indoor_Day_2": "昨晚有什么东西挠来挠去.我想我们可能有一些毛茸茸的入侵者.",
    "Indoor_Day_3": "我在早上巡逻时发现的,我知道你有多喜欢闪亮的东西. [60 72 80 80 80 80 80 84 82]",
    "Indoor_Day_4": "你有没有想过这一切的目的是什么?生命、宇宙和一切问题的答案是什么?$4#$b#不,我也是.$1",
    "Indoor_Night_0": "厨房里有一些老鼠,所以我把它们吃了.$4#$b#我希望我没有臭老鼠的气息.",
    "Indoor_Night_1": "蜷缩在火堆前...啊,这就是生活.#$b#谢谢你邀请我和你住在一起, @.",
    "Indoor_Night_2": "所以,午饭前,我沉迷于午睡...然后我需要午睡.#$b#当我被困在阳光下时,我终于要做些有成效的事了...#$b#不管怎样,今天是我的日子.你的怎么样?",
    "Indoor_Night_3": "我是怎么度过我的一天的?主要是盯着墙看.#$b#你是怎么花的?涉及到鱼吗?",
    "Indoor_Night_4": "啊,蜷缩在我旁边.是的.我后背中间有点痒,我就是不能再痒了-#$b#哦,是的,就是那个地方.嘿,谁说你可以停下来?",
    "Outdoor_0": "今天早上有只狐狸在鸡笼里嗅来嗅去.别担心,我把他吓跑了.#$b#我还是镇上最坚强的汤姆!",
    "Outdoor_1": "清晨巡逻完毕！我给你找了点东西.[444]#$b#哦,我在跟谁开玩笑?是给我的.扭一下,继续,扭一下.哈,有了!死了,羽毛死了.",
    "Outdoor_2": "好吧,我已经重新确立了农场的领导地位!#$b#哦,我没有伤害任何人！战斗的第一条规则?不用的话就别打了！证明你更大更强.#$b#除非他们想吃掉你.那就为你所有的价值而战.一天的免费提示.不客气.",
    "Outdoor_3": "清晨巡逻完毕！没什么可报告的,你的洞穴里肯定没有暗影.#$b#什么?哦,你现在要去看看,是吗?那就别相信我,看我是否在乎.$4",
    "Outdoor_4": "*打嗝* 对不起,我吃了蝙蝠.我希望那不是你的.",
    "funLeave_MisterGinger": "我要去镇上巡逻,拜访一些老朋友,诸如此类的事.你要我给你带点东西回来吗?",
    "funReturn_MisterGinger": "人们扔掉的东西真是太神奇了.太浪费了![143 223 148 226 228]#$b#抱歉,有点嚼烂了.",
    "OneKid_0": "%kid1 它们似乎学得很快,已经掌握了用正确的方式抚摸毛发的艺术.$3",
    "OneKid_1": "我知道你不会介意,但我在网上买了些东西.#$b#哦,这是给孩子们的.盒子是给我我我我的!$1",
    "OneKid_2": "I know %kid1 我不识字,但你能教他们怎么翻页吗?#$b#有时我感到无聊 %kid1 不能很好地交流.",
    "OneKid_3": "拜托,拜托,拜托你教 %kid1 怎样钓鱼好吗?$4#$b#他们太年轻?哦.人类的小猫长得很慢.$2",
    "TwoKids_0": "我有一些坏消息要告诉你, @.我给 %kid1 带了只老鼠,他却尖叫起来.#$b#我担心它们不会成为好猎手.",
    "TwoKids_1": "我不想撒谎,我不知道看到人类的小猫咪跑来跑去会有什么感觉.#$b#但我越来越喜欢它们了. 再加上 %kid1 的头脑很敏锐.",
    "TwoKids_2": "和一个孩子摔跤很有趣,和两个孩子摔跤…我们需要训练它们停止咬人.#$b#*叹气* 人类的小猫,太不文明了.",
    "TwoKids_3": "不说谎, %kid1是我的最爱. %kid2有点...这个词是什么? 吵闹.",
    "Good_1": "你是最好的, @. 没有人比你更会挠脑袋了.对,就是那个地方,就在我耳朵后面.#$b#你太~好了,别让别人告诉你有什么不同,好吗?",
    "Good_2": "今天小心点.你最好给我抓很多鱼!$1#$b#但说真的,你不在的时候我很想你.$3",
    "Good_3": "我对你的评价比任何人都高, @.#$b#我是说,莱纳斯的帐篷有它的好处-首先没有门！-但我宁愿和你蜷缩在一起.",
    "Good_4": "啊,美味的食物,温暖的炉火,令人愉快的伙伴.一只猫还能要求什么呢?#$b#除了一个好下巴.相当呼噜~噜?$3",
    "Good_5": "你为什么在这所房子里装了这么多的日光灯?做任何事情都很困难!",
    "Good_6": "我为你创作了一首歌.你想听吗?#$b#*尖锐刺耳* '@ 很好,他很好是因为他是我我我我的~!'$5^*尖锐刺耳* '@ 很好,她很好,因为她是我我我我的~!'$4",
    "Good_7": "你 @, 是我最喜欢的人之一.或者至少肯定是在顶端…四个.",
    "Neutral_0": "对不起, @. 我想我们之间有鬼魂.#$b#也可能只是因为墙上的灯光太亮了?#$b#但不管怎样,你都应该去看看.",
    "Neutral_1": "我已经重新装修.我想你会注意到地毯上有一点令人愉快的橙色.#$b#不客气.",
    "Neutral_2": "我又在网上购物了.这么多箱子！#$b#什么?如果你不想让我用它,为什么不让它开着.",
    "Neutral_3": "看起来我只是在打盹,但实际上我在反省...#$b#好吧,是的,我只是在打盹.你想要什么?",
    "Neutral_4": "你有没有注意到,当你凝视阳光时,它充满了微小的斑点.光就是这样的吗?#$b#是灰尘?哦,你应该在这里打扫一下.",
    "Neutral_9": "沙发下面有一些饼干屑.我吃了.#$b#我希望你没把它们留到以后用.如果是这样的话,你需要找到更好的储藏点.",
    "Bad_0": "我想这永远不会奏效.一只猫和一个人...他们为什么能和睦相处?$2#$b#哦,他们只是幸福地共处了几千年.$4",
    "Bad_1": "我给你留了个惊喜.#$b#对你很好.不客气.无论什么.",
    "Bad_2": "我希望你不是很喜欢沙发.但是,嗯,我需要修指甲.#$b#什么?这些爪子终于磨成了武器!",
    "Bad_3": "我重新装修了一下.你对入侵者演说有何看法.#$b#在我脑子里听起来好多了...总之,有只老鼠.它现在死了.不客气.",
    "Bad_4": "这是个错误,不是吗?和你一起住.你现在已经意识到了...$2#$b#我希望事情能有所不同.",
    "Bad_5": "要是我有拇指就好了...也许还有个凳子...好吧,这里的情况会完全不同.$5",
    "Bad_6": "我应该待在牧场上,至少他们知道在那里该如何对待我.$5",
    "Bad_7": "厨房里有一些老鼠.你不在乎,但我抓到他们了.$2#$b#(等你找到我放它们的地方...)$1",
    "Bad_8": "有时候我觉得你喜欢其他动物胜过我.$5#$b#你当然更加关注他们了.$2",
    "Bad_9": "你离开太久了……你知道我不擅长开门.#$b#反正那是件很丑的外套.",
    "spring_1": "啊,春天来了!蹦蹦跳跳的小兔子,吱吱喳喳的小鸡.$3#$b#哦,天哪,现在我让自己饿了.$1",
    "spring_12": "如果你明天能给我带些苏格兰鸡蛋回来,我将不胜感激.#$b#我想自己去,但格斯和我…对一盘烤鱼有个小小的误会...",
    "spring_23": "我听说明天有个舞会.不要有任何花哨的想法.#$b#猫是不会跳舞的,不管那本书怎么说的.",
    "spring_24": "我想我*能* 被说服去跳舞.如果能让你开心的话.但它最好不要出现在电视上!!$3",
    "summer_1": "明天自助餐对吗?记得狼吞虎咽.",
    "summer_10": "明天自助餐,对吗?记得狼吞虎咽, @. 毕竟,你永远不知道下一顿饭从哪里来.#$b#哦,你做得对.是的,我忘了吃饭时间.如此文明.",
    "summer_27": "所以它们不是果冻做的,也不是鱼.为什么人类给东西起愚蠢的名字?好吧,我希望你喜欢看那些漂浮的会蜇人的袋子.",
    "fall_1": "哦,秋天,我最喜欢的季节！是时候去追树叶了.然后钻进去...你愿意和我一起去吗?你可能会喜欢的,你知道的.",
    "fall_15": "嗯...很多人,臭动物,还有太多的噪音...#$b#祝你玩得开心, @. 我会守在这里",
    "winter_1": "冬天来了.有足够的时间和我最爱的人蜷缩在火炉前.#$b#别担心,我也会值班的.这里没有害虫.#$b#至少不会太久!",
    "winter_25": "嗯... 今天有些特别的事,不是吗, @?#$b#冬日之星快乐！我的礼物呢? [176 442 444 717 716 715]",
    "winter_28": "我听说人类喜欢为新年制定这些“决心”,对吧?你的是什么, @?.#$b#我的吗?我想我要多睡一会儿.这听起来像一个好的决心吗?"
}
}