 {"Entries": {
    "winter_15.000": "你好 @! 哦,景色,声音,气味：盐和鱼的香味,还有咖啡的味道.啊,好吃 !$4",
    "marriage.000": "我不知道她从哪里得到能量.光看着她就累死人了.",
    "marriage.001": "我不想让你不高兴,但玛妮的奶油蛋糕是山谷里最好的. ",
    "marriage.002": "泡泡,泡泡,辛劳和烦恼...顺便来找个解药? ",
    "marriage.003": "这里有很多鱼.我打赌贾斯知道他们所有的名字!",
    "marriage.004": "你好 @! 很高兴在这里见到你.$3",
    "marriage.005": "哦,没想到会在这里见到你, @!我没有睡觉-只是让我的眼睛休息一下!"
    }
}