{
    "Changes": [
        {
            "LogName": "Dialogue 6-hearts",
            "Action": "EditData",
            "Target": "Characters/Dialogue/MisterGinger",
            "When": {
                "HasSeenEvent |contains=50706121": false
            },
            "Entries": {
                "Introduction": "喵? 喵嗷!$1",
                "Mon": "喵?",
                "Tue": "喵~嗷!$1",
                "Wed": "喵嗷~嗷呜.$2",
                "Thu": "喵呜!$1",
                "Fri": "喵嗷~嗷呜.",
                "Sat": "喵 喵 喵 喵 喵呜~~~呜?$2",
                "Sun": "喵嗷!$1",
                "Town_54_71": "喵嗷~嗷呜 喵嗷~呜!$3",
                "MrG_Friend": "喵嗷!",
                "MrG_Rid": "喵呜~咳",
                "rejectNPCA": "喵嗷!$5",
                "rejectNPCB": "%姜先生闻了闻,把尾巴对着你的脸.你觉得他不感兴趣.",
                "engageA": "呜呜.... 嘶嘶声!$5",
                "engageB": "%姜先生看起来不怎么好.",
                "marriedA": "喵呜呜....呜!$5",
                "marriedB": "%姜先生看起来不高兴..",
                "refusal_no_heartsA": "喵呜~科!$5",
                "refusal_no_heartsB": "喵呜呜.$5"
            }
        },
        {
            "LogName": "Dialogue 6-hearts",
            "Action": "EditData",
            "Target": "Characters/Dialogue/MisterGinger",
            "When": {
                "HasSeenEvent |contains=50706121": false
            },
            "Entries": {
                "danceRejection": "别相信那本书上说的话.猫不跳舞.",
                "divorced": "...喵呜...$5",
                "breakUp": "好吧,很好.不管怎样,艾比盖尔的头像画得更好.$2",
                "give_flowersA": "这些是做什么用的?这是某种奇怪的人类仪式吗?那是猫草吗?$3#$b#哦,我当然接受!尽管这只是皮埃尔的“致富”计划之一.$4",
                "give_flowersB": "哦哦,那是我闻到的猫草吗?你很了解我, @!#$b#是的,是的,我也喜欢你的陪伴.",
                "give_pendant": "哦哦,绳子上的玩具. *蝙蝠吊坠* 这是一份和你一起住的邀请?$4#$b#我想什么时候吃鱼和奶酪?我怎么能拒绝呢!$3",
                "Town_54_71": "嘿,你,流口水的脸!你觉得你很坚强,有着尖尖的牙齿和粘粘的舌头?$4#$b#但你被困在那里,而我却在这里!$1",
                "Town_56_21": "$d cc#那么,里面是什么, @?它是不是充满了神秘又神奇的鱼和奶酪?$5#$b#没有?额,令人失望.$2|我能听到里面有东西, @.它们不是老鼠,也不是鸟,而是别的什么东西.神奇的东西.#$b#我想知道它们是什么味道?$1",
                "Forest_29_12": "嘿 @! 你也是来品尝戈托罗帝国的美食的吗?$4",
                "Mon": "任何人都能和动物说话,但只有特殊的人才能做到 _倾听_对他们来说.#$b#是的,这是一种赞美.不要习惯它们.你知道,我要保留自己的名声.",
                "Mon8": "有时候我想知道做一个人是什么感觉.#$b#然后我醒了过来,我的毛都掉下来了,我松了一口气,这只是一个梦.$3#$b#开玩笑.有拇指一定很好,或者我喜欢叫它们爪子工具.$1",
                "Mon10": "我很高兴有你的陪伴, @. 我认为没有多少人能得到如此高的评价.",
                "Tues": "嗯...星期二...我想知道威利是否正在清理他的冰箱...#$b#想一起来吗, @? 可能有一些内脏!$1",
                "Tue8": "小维尼总是小声说他想娶佩妮小姐.#$b#愚蠢的小猫,任何有半个鼻子的人都能感觉到她爱上了别人.#$b#谁?这就说明问题了.$3",
                "Tue10": "你相信童话吗, @? 贾斯读给我听.#$b#'“月亮以东,太阳以西”是我的最爱之一.你知道吗?",
                "Wed": "你对人类来说似乎很体面, @. 不像皮埃尔那个讨厌的家伙.#$b#你知道他叫我什么吗?害虫!害虫!$5",
                "Wed8": "我和贾斯看了那部关于那只神气活现的猫的电影.#$b#我不知道我的爪子在哪里能弄到弯刀.",
                "Wed10": "我喜欢和贾斯住在一起,但她已经长大了,很快就不再需要我了.#$b#那我就不知道该怎么办了...$2",
                "Thu": "是的,我承认,我很喜欢贾斯.小姑娘需要有人照看她.#$b#别让她惹麻烦.$1#$b#什么?不,我是认真的!$3",
                "Thu8": "你今天有鱼给我吗?也许是一块很好的碎奶酪?$4",
                "Thu10": "$q 910/911 MrG_Fairytale#如果可以的话,你会变成一只猫吗?#$r 910 50 MrG_Fairytales_Yes#一转眼!#$r 910 50 MrG_Fairytales_Human#如果可以的话,你会变成人吗?#$r 911 -5 MrG_Fairytales_No#不,我喜欢做人.#$r 911 -25 MrG_Fairytales_NoWay#不可能!我为什么要像你一样?",
                "MrG_Fairytales_Yes": "你当然会的!我们是优势物种.",
                "MrG_Fairytales_Human": "哦,但愿如此.我能想到如果我有手我会做的一些事情.$1#$b#我是说就像开着的猫粮罐头!我不知道你在想什么.$4",
                "MrG_Fairytales_No": "你不想一辈子躺在阳光下,追逐蝴蝶,得到头巾吗?好吧,你的损失.$4",
                "MrG_Fairytales_NoWay": "哦...我只是想也许...好吧,没关系.$2",
                "MrG_Fairytale": "$p 910#你知道青蛙王子的故事吗?我问拉斯这行不行……他说 '不'.$2|嘿,如果你从树上摔下来,你会用脚着地吗?没想到!这里的高级物种.$4",
                "Fri": "星期五...传统的吃鱼之夜.#$b#嗯...好像是钓鱼的好时机,你不觉得吗?$1",
                "Fri8": "你今天要去酒馆吗, @?如果是的话,你能不能偷偷给我一些格斯的美味鱼糕?#$b#不知为什么,他似乎不欣赏我的惠顾.",
                "Fri10": "格斯和我曾经是朋友.后来有一个误会涉及到一盘烤鱼...#$b#我怎么知道他刚把它放凉了?",
                "Sat": "什么?不,我没跟着你.我正好也要走这条路,非常感谢.",
                "Sat8": "我捉到一只老鼠,带回家给玛妮看.她尖叫起来.#$b#有些人不欣赏做得好的工作.",
                "Sat10": "你的农场里有老鼠吗, @?如果是的话,我很荣幸为您提供我的害虫防治服务.$1#$b#我有非常合理的价格：我接受奶酪或鱼.$4",
                "Sun": "拉斯莫迪乌斯是一个很受欢迎的公司.为什么是的,你也是, @. 可以接受.可以接受.$1",
                "Sun8": "艾米丽是个好姑娘,而且那个身材魁梧的男人闻起来像热金属?#$b#任何有半个鼻子的人都能闻到他对她的关心...#$b#但他没有告诉她.人类的求爱过于复杂可笑了.",
                "Sun10": "令人惊讶的是,如果你是一个好的倾听者,人们会告诉你这么多.#$b#我知道很多秘密, @. 你不想知道吗-但是我的舌头被猫咬了!$3",
                "summer_Mon": "人类是奇怪的生物, @. 他们花了那么多时间收集毫无价值的东西,并且担心胡说八道...#$b#... 当他们可以做一些有成效的事情时.喜欢睡觉.$4",
                "summer_Mon8": "谢恩昨晚不小心把我关在笼子里了.#$b#我告诉你,鸡是一种不可惹的鸟.噢,我花了好几个小时才把毛整理好!$2",
                "summer_Tue": "$d joja#莫里斯那个让人毛骨悚然的家伙,晚上潜伏在镇上.如果我是你,我会留意他的.|市长,路易斯?我看见他晚上在镇上鬼鬼祟祟的.他让我起了疑心.$5#$b#我觉得他有什么鬼主意.",
                "summer_Tue8": "鸡可能很暴躁,但它们通常都是很好的笑料.鹅在另一只爪子上...#$b#鹅是邪恶的, @. 当心鹅!",
                "summer_Tue10": "我给你带了个礼物.希望你喜欢...$6[136 145 138]",
                "summer_Wed": "贾斯正在给我读关于矮人的书.但我认为她把事实弄错了.#$b#喷嚏到底是什么名字?",
                "summer_Thu": "我很高兴我们现在可以好好谈谈了.在这附近没有什么明智的选择.#$b#为什么人们跟猫说话就像我们是婴儿一样?这有损人格.",
                "summer_Fri": "你可能有手,但你的手指上有刀吗?没想到!",
                "summer_Sat": "猫,进化成完美的杀人机器.#$b#如果我们和你一样大,我们会统治世界.#$b#但我们需要人来操作开罐器.",
                "summer_Sun": "那个紫色头发的女孩?阿比盖尔.我认可她!#$b#她把我的剩饭从后门偷偷带出去.",
                "summer_Sun8": "你认识艾比盖尔吗?她闻起来像夜间的窃窃私语.这引起了我的兴趣.#$b#有时候我觉得她可能,几乎,能理解我.",
                "fall_Mon": "贾斯对鸟类产生了兴趣.#$b#我试着告诉她,只有三种类型: 好吃的,吵闹的,吓人的.#$b#她还是不相信.",
                "fall_Mon8": "你知道吗,如果人们能理解鸟在说什么,他们就不会喜欢鸟了.",
                "fall_Tue": "你知道紫色女孩叫我什么吗?南瓜?!我不是什么愚蠢丰满的水果.#$b#不管怎样,她对我很好,所以我想我不应该抱怨.但是南瓜!",
                "fall_Wed": "你不喜欢清爽的秋色吗?那么多蓝色和绿色!#$b#它们是红橙子?真的?你们这些有着奇特色彩视觉的人类.",
                "fall_Thu": "'哦,谁是只可爱的小猫.这是一个词吗?#$b#我是说,奶奶有一颗善良的心,我会告诉你的,但是...小??!",
                "fall_Fri": "你好 @.我希望你今天能钓到很多鱼!",
                "fall_Sat": "那个高个子的男人,有着苍白的头发?他笑着叫我“鹅”.#$b#但我又不是蠢货,脾气暴躁的鹅!人类的智慧最迟钝.",
                "fall_Sun": "你知道吗,今天看起来是一个愉快的日子,可以看到阳光透过树枝形成图案.$3#$b#你觉得那个像鸽子吗?又大又肥又好吃的鸽子.$1",
                "winter_Mon": "我觉得我应该让你知道, @, 镇上的垃圾桶是我的垃圾桶.#$b#是的,有时候我允许莱纳斯先吃点东西.这是公平的.他毕竟没有我的狩猎技能.",
                "winter_Tue": "我一直在玩你称之为“互联网”的东西'.#$b#我假设这是我们猫科动物的圣地,对吗?$3",
                "winter_Wed": "你见过马龙吗?如果他是一只猫,他就是那个饱受战争创伤的统治家的汤姆.",
                "winter_Wed8": "马龙和我昨晚巡逻了.害虫防治,你知道吗?#$b#不,不是老鼠和老鼠!另一种害虫.那种让我毛骨悚然的人.",
                "winter_Wed10": "你听说过巫师节吗?当世界沉睡,虚空苏醒.#$b#宵禁是有原因的.注意安全, @, 如果你出了什么事我会很伤心的.",
                "winter_Sun10": "拉斯没有很多朋友,但我见过他和那个隐士在树林里.#$b#你知道吗,莱纳斯?闻起来像肥沃的泥土和鱼肉的人.",
                "spring_Sun_inlaw_Shane": "你的臭小鸡怎么样了?现在不那么臭了?很好!$1",
                "spring_Sun_inlaw_Emily": "我听说你现在有一只鸟和你住在一起.想象一下,你选择了一只鸟,而你本来可以拥有我的.#$b#嗯,我想品味是无法解释的.至少艾米丽很有趣.",
                "spring_Sun_inlaw_Abigail": "阿比盖尔现在开心多了,她不再被无聊的夫妇闷死了.$1#$b#告诉她我向她问好!'$4",
                "spring_Sun_inlaw_Sebastian": "忧郁的乌鸦让你快乐吗?嗯,品味是无法解释的.",
                "spring_Sun_inlaw_Sam": "参孙让你想起了金毛猎犬吗?所有的人都渴望,活泼,为赞美而高兴?#$b#还是只有我这样?",
                "spring_Sun_inlaw_Elliot": "自命不凡先生给你写诗了吗?你知道,我也可以写一首诗.#$b#玫瑰是蓝色的,紫罗兰也是蓝色的...#$b#什么?是的,我是色盲.但是你能在黑暗中看见吗?想过没!",
                "spring_Sun_inlaw_Penny": "哈,你嫁给佩妮,小文森特嫉妒死了!人类是愚蠢的.",
                "spring_Sun_inlaw_Maru": "科学女孩还没把你的房子烧了?很好.#$b#你要盯着她..她闻起来像草莓和冰冷的金属,真奇怪.",
                "spring_Sun_inlaw_Krobus": "你周围有一种有趣的气味, @. 像阴影和...#$b#...这是空虚的暗示吗?和…污水?你最近在忙些什么?",
                "spring_Sun_inlaw_Leah": "老鼠们已经搬进了莉亚的小屋,现在它是空的.#$b#我想念她.她总是给我一大块奶酪,还对我说好话.",
                "spring_Sun_inlaw_Harvey": "嘿,我们的朋友,毛毛虫脸?#$b#什么?你不能说你从没想过它看起来像一只毛茸茸的大毛毛虫!$4",
                "spring_Sun_inlaw_Haley": "啊,你觉得你可爱的妻子愿意给我拍几张照片吗.#$b#我毕竟是个很帅的猫,你不觉得吗?#$b#我可以在那件事上引起轰动.",
                "spring_Sun_inlaw_Alex": "你那满头大汗的运动男已经实现了他的梦想了吗?成为一个...又是什么?足球明星?#$b#他没有?对你来说这就是人类-不要追随你的梦想,你永远不会让梦想破灭,对吧?",
                "MrG_Friend": "听到这个我很高兴, @.",
                "MrG_Rid": "Oh...$2#$b#好吧,抱歉打扰你我的“荒谬”猫的情绪.$5#$b#你还是喜欢野餐吧,我当然不去.$2",
                "stardrop_gift": "我发现了这个奇怪的水果.它看起来不好吃,所以我想你可能会喜欢.$1#$b#它让我觉得有点温暖和刺激,就像一个好的头巾.说到头像...$l",
                "rejectNPCA": "这是什么东西?我为什么要那样?",
                "rejectNPCB": "花?猫要拿花做什么?谁要用花做什么?",
                "reject_two_heartA": "花?猫要拿花做什么?谁要用花做什么?",
                "reject_two_heartB": "Aaaaa-chooo! Get these out of my face.$5",
                "reject_four_heartA": "花?猫要拿花做什么?谁要用花做什么?",
                "reject_four_heartB": "啊啊呜!嗯,花粉.把这些拿开.$5",
                "engageA": "嗯,你知道我是只猫,不是吗?$3#$b#另外,我还以为你们人类是一夫一妻制的.$1",
                "engageB": "你想娶我吗?老鼠吃了你的大脑吗?$2",
                "marriedA": "和 %spouse一起住? 听起来有点拥挤.#$b#我需要一些隐私,不要整天都在这里!",
                "marriedB": "哦@. 我很喜欢你,但是不得不和 %spouse 一起生活?#$b#我很难拒绝.$2",
                "refusal_no_heartsA": "它是玩具吗?把它从我脸上拿开?你到底是谁?",
                "refusal_no_heartsB": "哦,想和猫玩.继续.赶快走开!",
                "refusal_knownA": "我很喜欢你, @. 但我不能离开农场.",
                "refusal_knownB": "和你一起住?如果没有我,玛妮和贾斯会怎么办?#$b#为什么不把它给臭鸡男呢?",
                "refusal_botherA": "你现在真的开始烦我了...$5",
                "refusal_botherB": "当着别人的面挥舞.我今天不想和你玩."
            }
        },
        {
            "LogName": "Dialogue 6-hearts - removes Ras references",
            "Action": "EditData",
            "Target": "Characters/Dialogue/MisterGinger",
            "Entries": {
                "MrG_Fairytales": "$p 910#你知道青蛙王子的故事吗?我问女神这是否可行...#$b#她给了我一个最悲伤的微笑.所以我想那应该是否定的.$2|嘿,如果你从树上掉下来,你会双脚着地吗?我认为不是!优势物种在这里.$4",
                "winter_Sun10": "女神几乎不与人来往,但我见过她和那个隐居在树林里的人在一起.#$b#莱纳斯,你知道吗?这个男人闻起来像肥沃的泥土和鱼肉.",
                "Sun": "树林里的女人是最令人愉快的伴侣.为什么是的,你也是, @. 和蔼可亲的.是的,很愉快.$1"
            }
        },
        {
            "Action": "EditData",
            "Target": "strings/schedules/MisterGinger",
            "When": {
                "HasSeenEvent |contains=50706121": false
            },
            "Entries": {
                "winter_15.000": "喵嗷呜!$4"
            }
        },
        {
            "Action": "EditData",
            "Target": "strings/schedules/MisterGinger",
            "When": {
                "HasSeenEvent |contains=50706121": true
            },
            "Entries": {
                "winter_15.000": "你好 @! 哦,景色,声音,气味：盐和鱼的香味,还有咖啡的味道.啊,好吃 !$4",
                "marriage.000": "我不知道她从哪里得到能量.光看着她就累死人了.",
                "marriage.001": "我不想让你不高兴,但玛妮的奶油蛋糕是山谷里最好的. ",
                "marriage.002": "泡泡,泡泡,辛劳和烦恼...顺便来找个解药? ",
                "marriage.003": "这里有很多鱼.我打赌贾斯知道他们所有的名字!",
                "marriage.004": "你好 @! 很高兴在这里见到你.$3",
                "marriage.005": "哦,没想到会在这里见到你, @!我没有睡觉-只是让我的眼睛休息一下!"
            }
        },
        {
            "LogName": "Dialogue Jas",
            "Action": "EditData",
            "Target": "Characters/Dialogue/Jas",
            "Entries": {
                "fall_Mon4": "你见过姜先生吗?他有点像一只猫,但也不仅仅是一只猫.他是我的朋友!",
                "fall_Mon8": "你认识塔里的那个人吗?他是一个巫师.#$b#玛妮姨妈告诉我不该和他说话,但他一定很孤独,一个人住在那座塔里.#$b#Mr. Ginger visits him sometimes.",
                "winter_Mon10": "你认为拉斯莫迪乌斯先生和水晶一样吗$3?#$b#我怎么知道他的名字?姜先生告诉我的!$1#$b#哦,我知道猫不能说话.但是姜先生不仅仅是一只猫.#$b#那么他是什么呢?这是一个秘密!",
                "summer_Tue6": "姜先生喜欢我给他读故事.他非常非常喜欢《太阳之东》...'#$b#这是一个关于一只熊的童话故事,只不过他并不是一只真正的熊.他很迷人!$1#$b#*咯咯地笑* 不管怎样,我觉得你应该知道!没有理由!$4"
            }
        },
        {
            "LogName": "Marriage Dialogue",
            "Action": "EditData",
            "Target": "Characters/Dialogue/MarriageDialogueMisterGinger",
            "Entries": {
                "Rainy_Day_0": "今天外面有点潮湿.小心, @. 我不想让你感冒.",
                "Rainy_Day_1": "啊,雨天适合小睡.哦,我在跟谁开玩笑?#$b#每天都有利于午睡!",
                "Rainy_Day_2": "贾斯喜欢给我读《美女与野兽》.有没有想过我们的安排有点像那样?#$b#哦,我很漂亮,我是说,看看这条尾巴!",
                "Rainy_Day_3": "嗯,今天是打猎青蛙的好日子.但是我的毛会湿的...#$b#人生充满了艰难的决定, @.",
                "Rainy_Day_4": "你要出去吗?你能打开会说话的彩盒吗?#$b#别担心,我会帮你把你最喜欢的椅子保暖.",
                "patio_MisterGinger": "啊,我的王国.哦,对不起,我们的王国.很漂亮,不是吗?",
                "spouseRoom_MisterGinger": "啊,今天怎么办?也许是小睡...或者读一些闲书.",
                "Rainy_Night_0": "你闻起来很潮湿.我打赌你很冷.来,和我蜷缩在一起.$#$b#我们可以互相取暖.$4",
                "Rainy_Night_1": "过来抱抱我.但愿你能给我读个故事?#$b#看到我在那里做了什么吗?哦,你又可爱又温暖.$4",
                "Rainy_Night_2": "哦,你全身湿透了.不,不要拥抱！啊,我受不了湿毛.#$b#我知道你很高兴见到我...但你不能先把自己擦干吗?呼噜-噜?$2",
                "Rainy_Night_3": "对不起,我想现在是脱毛期,恐怕我弄得一团糟.#$b#我想拿把扫帚,但是,没有手,看.",
                "Rainy_Night_4": "花了一整天的时间.房子应该没有害虫!#$b#不客气.",
                "Rainy_Night_5": "我整天都在看电视?我会让你知道的, @, 我一直在深入研究人类行为.#$b#好吧,是的,在电视上.你知道,如果人们只是说出他们的想法,人类的求爱会简单得多.#$b#你说得对,那就没那么有趣了.",
                "Indoor_Day_0": "啊-啊-啊嚏！你给自己喷了些香水吗?$2#$b#我更喜欢你的自然气味：阳光和刚割过的草,还有一丝木烟.#$b#你闻起来像家.$3",
                "Indoor_Day_1": "你今天有什么计划?我希望它们涉及到鱼.它们涉及到鱼吗?",
                "Indoor_Day_2": "昨晚有什么东西挠来挠去.我想我们可能有一些毛茸茸的入侵者.",
                "Indoor_Day_3": "我在早上巡逻时发现的,我知道你有多喜欢闪亮的东西. [60 72 80 80 80 80 80 84 82]",
                "Indoor_Day_4": "你有没有想过这一切的目的是什么?生命、宇宙和一切问题的答案是什么?$4#$b#不,我也是.$1",
                "Indoor_Night_0": "厨房里有一些老鼠,所以我把它们吃了.$4#$b#我希望我没有臭老鼠的气息.",
                "Indoor_Night_1": "蜷缩在火堆前...啊,这就是生活.#$b#谢谢你邀请我和你住在一起, @.",
                "Indoor_Night_2": "所以,午饭前,我沉迷于午睡...然后我需要午睡.#$b#当我被困在阳光下时,我终于要做些有成效的事了...#$b#不管怎样,今天是我的日子.你的怎么样?",
                "Indoor_Night_3": "我是怎么度过我的一天的?主要是盯着墙看.#$b#你是怎么花的?涉及到鱼吗?",
                "Indoor_Night_4": "啊,蜷缩在我旁边.是的.我后背中间有点痒,我就是不能再痒了-#$b#哦,是的,就是那个地方.嘿,谁说你可以停下来?",
                "Outdoor_0": "今天早上有只狐狸在鸡笼里嗅来嗅去.别担心,我把他吓跑了.#$b#我还是镇上最坚强的汤姆!",
                "Outdoor_1": "清晨巡逻完毕！我给你找了点东西.[444]#$b#哦,我在跟谁开玩笑?是给我的.扭一下,继续,扭一下.哈,有了!死了,羽毛死了.",
                "Outdoor_2": "好吧,我已经重新确立了农场的领导地位!#$b#哦,我没有伤害任何人！战斗的第一条规则?不用的话就别打了！证明你更大更强.#$b#除非他们想吃掉你.那就为你所有的价值而战.一天的免费提示.不客气.",
                "Outdoor_3": "清晨巡逻完毕！没什么可报告的,你的洞穴里肯定没有暗影.#$b#什么?哦,你现在要去看看,是吗?那就别相信我,看我是否在乎.$4",
                "Outdoor_4": "*打嗝* 对不起,我吃了蝙蝠.我希望那不是你的.",
                "funLeave_MisterGinger": "我要去镇上巡逻,拜访一些老朋友,诸如此类的事.你要我给你带点东西回来吗?",
                "funReturn_MisterGinger": "人们扔掉的东西真是太神奇了.太浪费了![143 223 148 226 228]#$b#抱歉,有点嚼烂了.",
                "OneKid_0": "%kid1 它们似乎学得很快,已经掌握了用正确的方式抚摸毛发的艺术.$3",
                "OneKid_1": "我知道你不会介意,但我在网上买了些东西.#$b#哦,这是给孩子们的.盒子是给我我我我的!$1",
                "OneKid_2": "I know %kid1 我不识字,但你能教他们怎么翻页吗?#$b#有时我感到无聊 %kid1 不能很好地交流.",
                "OneKid_3": "拜托,拜托,拜托你教 %kid1 怎样钓鱼好吗?$4#$b#他们太年轻?哦.人类的小猫长得很慢.$2",
                "TwoKids_0": "我有一些坏消息要告诉你, @.我给 %kid1 带了只老鼠,他却尖叫起来.#$b#我担心它们不会成为好猎手.",
                "TwoKids_1": "我不想撒谎,我不知道看到人类的小猫咪跑来跑去会有什么感觉.#$b#但我越来越喜欢它们了. 再加上 %kid1 的头脑很敏锐.",
                "TwoKids_2": "和一个孩子摔跤很有趣,和两个孩子摔跤…我们需要训练它们停止咬人.#$b#*叹气* 人类的小猫,太不文明了.",
                "TwoKids_3": "不说谎, %kid1是我的最爱. %kid2有点...这个词是什么? 吵闹.",
                "Good_1": "你是最好的, @. 没有人比你更会挠脑袋了.对,就是那个地方,就在我耳朵后面.#$b#你太~好了,别让别人告诉你有什么不同,好吗?",
                "Good_2": "今天小心点.你最好给我抓很多鱼!$1#$b#但说真的,你不在的时候我很想你.$3",
                "Good_3": "我对你的评价比任何人都高, @.#$b#我是说,莱纳斯的帐篷有它的好处-首先没有门！-但我宁愿和你蜷缩在一起.",
                "Good_4": "啊,美味的食物,温暖的炉火,令人愉快的伙伴.一只猫还能要求什么呢?#$b#除了一个好下巴.相当呼噜~噜?$3",
                "Good_5": "你为什么在这所房子里装了这么多的日光灯?做任何事情都很困难!",
                "Good_6": "我为你创作了一首歌.你想听吗?#$b#*尖锐刺耳* '@ 很好,他很好是因为他是我我我我的~!'$5^*尖锐刺耳* '@ 很好,她很好,因为她是我我我我的~!'$4",
                "Good_7": "你 @, 是我最喜欢的人之一.或者至少肯定是在顶端…四个.",
                "Neutral_0": "对不起, @. 我想我们之间有鬼魂.#$b#也可能只是因为墙上的灯光太亮了?#$b#但不管怎样,你都应该去看看.",
                "Neutral_1": "我已经重新装修.我想你会注意到地毯上有一点令人愉快的橙色.#$b#不客气.",
                "Neutral_2": "我又在网上购物了.这么多箱子！#$b#什么?如果你不想让我用它,为什么不让它开着.",
                "Neutral_3": "看起来我只是在打盹,但实际上我在反省...#$b#好吧,是的,我只是在打盹.你想要什么?",
                "Neutral_4": "你有没有注意到,当你凝视阳光时,它充满了微小的斑点.光就是这样的吗?#$b#是灰尘?哦,你应该在这里打扫一下.",
                "Neutral_9": "沙发下面有一些饼干屑.我吃了.#$b#我希望你没把它们留到以后用.如果是这样的话,你需要找到更好的储藏点.",
                "Bad_0": "我想这永远不会奏效.一只猫和一个人...他们为什么能和睦相处?$2#$b#哦,他们只是幸福地共处了几千年.$4",
                "Bad_1": "我给你留了个惊喜.#$b#对你很好.不客气.无论什么.",
                "Bad_2": "我希望你不是很喜欢沙发.但是,嗯,我需要修指甲.#$b#什么?这些爪子终于磨成了武器!",
                "Bad_3": "我重新装修了一下.你对入侵者演说有何看法.#$b#在我脑子里听起来好多了...总之,有只老鼠.它现在死了.不客气.",
                "Bad_4": "这是个错误,不是吗?和你一起住.你现在已经意识到了...$2#$b#我希望事情能有所不同.",
                "Bad_5": "要是我有拇指就好了...也许还有个凳子...好吧,这里的情况会完全不同.$5",
                "Bad_6": "我应该待在牧场上,至少他们知道在那里该如何对待我.$5",
                "Bad_7": "厨房里有一些老鼠.你不在乎,但我抓到他们了.$2#$b#(等你找到我放它们的地方...)$1",
                "Bad_8": "有时候我觉得你喜欢其他动物胜过我.$5#$b#你当然更加关注他们了.$2",
                "Bad_9": "你离开太久了……你知道我不擅长开门.#$b#反正那是件很丑的外套.",
                "spring_1": "啊,春天来了!蹦蹦跳跳的小兔子,吱吱喳喳的小鸡.$3#$b#哦,天哪,现在我让自己饿了.$1",
                "spring_12": "如果你明天能给我带些苏格兰鸡蛋回来,我将不胜感激.#$b#我想自己去,但格斯和我…对一盘烤鱼有个小小的误会...",
                "spring_23": "我听说明天有个舞会.不要有任何花哨的想法.#$b#猫是不会跳舞的,不管那本书怎么说的.",
                "spring_24": "我想我*能* 被说服去跳舞.如果能让你开心的话.但它最好不要出现在电视上!!$3",
                "summer_1": "明天自助餐对吗?记得狼吞虎咽.",
                "summer_10": "明天自助餐,对吗?记得狼吞虎咽, @. 毕竟,你永远不知道下一顿饭从哪里来.#$b#哦,你做得对.是的,我忘了吃饭时间.如此文明.",
                "summer_27": "所以它们不是果冻做的,也不是鱼.为什么人类给东西起愚蠢的名字?好吧,我希望你喜欢看那些漂浮的会蜇人的袋子.",
                "fall_1": "哦,秋天,我最喜欢的季节！是时候去追树叶了.然后钻进去...你愿意和我一起去吗?你可能会喜欢的,你知道的.",
                "fall_15": "嗯...很多人,臭动物,还有太多的噪音...#$b#祝你玩得开心, @. 我会守在这里",
                "winter_1": "冬天来了.有足够的时间和我最爱的人蜷缩在火炉前.#$b#别担心,我也会值班的.这里没有害虫.#$b#至少不会太久!",
                "winter_25": "嗯... 今天有些特别的事,不是吗, @?#$b#冬日之星快乐！我的礼物呢? [176 442 444 717 716 715]",
                "winter_28": "我听说人类喜欢为新年制定这些“决心”,对吧?你的是什么, @?.#$b#我的吗?我想我要多睡一会儿.这听起来像一个好的决心吗?"
            }
        }
    ]
}