{
    "Changes": [
        {
            "LogName": "FirstChild Dispositions",
            "Action": "EditData",
            "Target": "Data/NPCDispositions",
            "Entries": {
                "{{Loe2run.ChildToNPC/FirstChildName}}": "child/polite/shy/neutral/{{Loe2run.ChildToNPC/FirstChildGender}}/non-datable/null/Town/{{Loe2run.ChildToNPC/FirstChildBirthday}}/Jas 'friend' Vincent 'friend' Elliott 'Father'/Farmhouse 15 5/{{Loe2run.ChildToNPC/FirstChildName}}"
            },
            "When": {
                "Spouse": "Elliott"
            }
        },
        {
            "LogName": "Adds sibling relationship",
            "Action": "EditData",
            "Target": "Data/NPCDispositions",
            "When": {
                "TwoKids": "true"
            },
            "Fields": {
                "{{Loe2run.ChildToNPC/FirstChildName}}": {
                    "9": "Jas 'friend' Vincent 'friend' Elliott 'Father' {{Loe2run.ChildToNPC/SecondChildName}} '{{Kid2_brother_sister}}'"
                }
            }
        },
        {
            "LogName": "FirstChild Gift Tastes",
            "Action": "EditData",
            "Target": "Data/NPCGiftTastes",
            "Entries": {
                "{{Loe2run.ChildToNPC/FirstChildName}}": "{{i18n:gift.{{parent}}.{{kid1_trait}}.love}}/123 223 233 551 561 555 581 589/{{i18n:gift.{{parent}}.{{kid1_trait}}.like}}/-7 535 536 537 -12 330/{{i18n:gift.{{parent}}.{{kid1_trait}}.dislike}}/-8 -4 -22 -28 -19 209 -75 -81 200 800/{{i18n:gift.{{parent}}.{{kid1_trait}}.hate}}/342 397 226 205 346 348 303 304 445 459 257 202 265/{{i18n:gift.{{parent}}.{{kid1_trait}}.neutral}}/408 18 22 283 -5 -2/"
            },
            "When": {
                "Spouse": "Elliott",
                "Loe2run.ChildToNPC/NumberTotalChildren": "1, 2, 3, 4"
            }
        },
        { //Loads generic Dialogue if Babysitter Not Installed
            "LogName": "FirstChild Dialogue",
            "Action": "Load",
            "Target": "Characters/Dialogue/{{Loe2run.ChildToNPC/FirstChildName}}",
            "FromFile": "assets/Dialogue.json",
            "When": {
                "HasMod |contains=rowanexer.Babysitter, xiddav.NPCSVEKIDSNPC": false,
                "loadData": true,
                "Spouse": "Elliott"
            }
        },
        { //Adds Jasper specific dialogue (currently just the generic again but at a higher heart level)
            "LogName": "FirstChild Dialogue",
            "Action": "Include",
            "FromFile": "assets/{{parent}}/Dialogue/Kid1.json",
            "When": {
                "Spouse": "Elliott"
            }
        },
        {
            "LogName": "FirstChild sprites",
            "Action": "Load",
            "Target": "Characters/{{Loe2run.ChildToNPC/FirstChildName}}",
            "FromFile": "assets/{{parent}}/Characters/{{Loe2run.ChildToNPC/FirstChildGender}}.png",
            "When": {
                "CustomSprites": true,
                "HasMod |contains=rowanexer.Babysitter, xiddav.NPCSVEKIDSNPC": false,
                "Spouse": "Elliott"
            }
        },
        {
            "LogName": "FirstChild portraits",
            "Action": "Load",
            "Target": "Portraits/{{Loe2run.ChildToNPC/FirstChildName}}",
            "FromFile": "assets/{{parent}}/Portraits/{{Loe2run.ChildToNPC/FirstChildGender}}.png",
            "When": {
                "CustomSprites": true,
                "HasMod |contains=rowanexer.Babysitter, xiddav.NPCSVEKIDSNPC": false,
                "Spouse": "Elliott"
            }
        },
        { //write generic schedule at some point
            "LogName": "FirstChild schedules",
            "Action": "Load",
            "Target": "Characters/schedules/{{Loe2run.ChildToNPC/FirstChildName}}",
            "FromFile": "assets/schedule.json",
            "When": {
                "HasMod |contains=rowanexer.Babysitter, xiddav.NPCSVEKIDSNPC": false,
                "loadData": true,
                "Spouse": "Elliott"
            }
        },
        {
            "LogName": "FirstChild schedules",
            "Action": "Include",
            "FromFile": "assets/{{parent}}/schedules/schedules.json",
            "When": {
                "Spouse": "Elliott"
            }
        },
        {
            "LogName": "Child Animations",
            "Action": "EditData",
            "Target": "Data/animationdescriptions",
            "Entries": {
                "child_sit": "20 21/22/21 20"
            }
        }
    ]
}