{
	"Format": "1.23.0",
	"CustomLocations": [
		{
			"Name": "Custom_LK_Museum2",
			"FromMapFile": "assets/Maps/Museum2.tmx"
		}
	],
	"ConfigSchema": {
		"FarmCaveChange": {
			"AllowValues": "true, false",
			"Default": "false"
		},
		"SocialGuntherandMarlon": {
			"AllowValues": "true, false",
			"Default": "true"
		},
		"JasperPortraits": {
			"AllowValues": "original, Airyn, Archer",
			"Default": "Airyn"
		},
		"PregnancyTalk": {
			"AllowValues": "true, false",
			"Default": "true"
		},
		"JasperKids": {
			"AllowValues": "true, false",
			"Default": "true"
		},
		"AnniversarySeason": {
			"AllowValues": "spring, summer, fall, winter",
			"Default": "spring"
		},
		"AnniversaryDayOfMonth": {
			"AllowValues": "1, 2, 3, 4, 5, 6, 7, 8, 9, 10, 11, 12, 13, 14, 15, 16, 17, 18, 19, 20, 21, 22, 23, 24, 25, 26, 27, 28",
			"Default": "1"
		},
		"FirstChildGender": {
			"AllowValues": "female, male",
			"Default": "female"
		},
		"TwoToddlers": {
			"AllowValues": "true, false",
			"Default": "false"
		}
	},
	"DynamicTokens": [
		{ //Spawn Location ********************************************
			"Name": "SpawnLocation",
			"Value": "Custom_LK_Museum2 17 4",
			"When": {
				"HasSeenEvent |contains=50709911": false,
				"HasSeenEvent |contains=50709915": false
			}
		},
		{
			"Name": "SpawnLocation",
			"Value": "Custom_LK_Museum2 -100 -100",
			"When": {
				"HasSeenEvent:hostPlayer |contains=50709911": true,
				"HasSeenEvent:hostPlayer |contains=50709915": false
			}
		},
		{
			"Name": "SpawnLocation",
			"Value": "Custom_LK_Museum2 17 4",
			"When": {
				"HasSeenEvent:hostPlayer |contains=50709915": true
			}
		},
		{ //Trigger event ********************************************
			"Name": "TriggerEvent",
			"Value": "k 50709911"
		},
		{
			"Name": "TriggerEvent",
			"Value": "e 50709915",
			"When": {
				"HasSeenEvent:hostPlayer |contains=50709911": true
			}
		},
		{ //Are you married to Jasper? ********************************
			"Name": "JasperSpouse",
			"Value": "false"
		},
		{
			"Name": "JasperSpouse",
			"When": {
				"Spouse": "Jasper"
			},
			"Value": "true"
		},
{
			"Name": "JasperSpouse",
			"When": {
				"Relationship:Jasper": "Married"
			},
			"Value": "true"
		},
		{ //Have you kids with Jasper? ********************************
			"Name": "JasperKidFest",
			"Value": "false"
		},
		{
			"Name": "JasperKidFest",
			"When": {
				"HasSeenEvent |contains=5599014": true
			},
			"Value": "true"
		},
		{ //50709921 = event with Cameron ******************************
			"Name": "e9921",
			"Value": "false"
		},
		{
			"Name": "e9921",
			"Value": "true",
			"When": {
				"HasSeenEvent |contains=50709921": true
			}
		},
		{ //Age of kid 1 ************************************************
			"Name": "kid1",
			"Value": "kid1.sleep",
			"When": {
				"HasSeenEvent |contains=5599009": false
			}
		},
		{
			"Name": "kid1",
			"Value": "kid1.crib",
			"When": {
				"HasSeenEvent": "5599009",
				"HasSeenEvent |contains=5599013": false
			}
		},
		{
			"Name": "kid1",
			"Value": "kid1.child.{{season}}",
			"When": {
				"HasSeenEvent": "5599013"
			}
		},
		{ //Tokens for Immersive 'FunDay' Dialogue *********************
			"Name": "Token",
			"Value": "false.{{season}}",
			"When": {
				"DayOfWeek": "Monday, Sunday"
			}
		},
		{
			"Name": "Token",
			"Value": "false.{{season}}",
			"When": {
				"DayofWeek": "Wednesday",
				"HasFlag |contains=Jasper_Penny": false
			}
		},
		{
			"Name": "Token",
			"Value": "JasperPenny.{{season}}",
			"When": {
				"DayofWeek": "Wednesday",
				"HasFlag": "Jasper_Penny"
			}
		},
		{
			"Name": "Token",
			"Value": "NoDwarf",
			"When": {
				"DayofWeek": "friday",
				"HasFlag |contains=Dwarf_Friend": false
			}
		},
		{
			"Name": "Token",
			"Value": "DwarfFriend.{{season}}",
			"When": {
				"DayofWeek": "friday",
				"HasFlag": "Dwarf_Friend"
			}
		},
		{
			"Name": "Token",
			"Value": "birthday",
			"When": {
				"Day": "22",
				"Season": "fall"
			}
		},
		{
			"Name": "SecondChildGender",
			"Value": "female",
			"When": {
				"FirstChildGender": "male"
			}
		},
		{
			"Name": "SecondChildGender",
			"Value": "male",
			"When": {
				"FirstChildGender": "female"
			}
		},
		{
			"Name": "Blacksmith",
			"Value": "clint"
		},
		{
			"Name": "Blacksmith",
			"Value": "clarice",
			"When": {
				"HasMod": "aeki.ByeByeClintHelloClarice"
			}
		},
		{ //Which Snail is it? ********************************
			"Name": "PSnail",
			"Value": "SafariGuy"
		},
		{
			"Name": "PSnail",
			"When": {
				"HasSeenEvent |contains=924201": true,
				"HasMod": "ZoeDoll.GingerIslandNPCTweaks"
			},
			"Value": "ProfSnail"
		}
	],
	/*******************************************************************************************************************************
	A C T U A L   N P C
	*******************************************************************************************************************************/
	"Changes": [
		//NPC Exclusions
		{
			"Action": "EditData",
			"Target": "Data/CustomNPCExclusions",
			"Entries": {
				"Jasper": "IslandVisit"
			},
			"When": {
				"DayOfWeek": "Wednesday",
				"HasSeenEvent": "55990006"
			}
		},
		//NPC Data
		{
			"LogName": "NPC Manifestation",
			"Action": "EditData",
			"Target": "Data/NPCDispositions",
			"Entries": {
				"Jasper": "adult/polite/shy/neutral/male/not-datable/null/Town/fall 22//{{SpawnLocation}}/{{i18n:NPCD.Jasper}}"
			}
		},
		//Museum2 17 4
		{
			"LogName": "NPC Manifestation",
			"Action": "EditData",
			"Target": "Data/NPCDispositions",
			"Fields": {
				"Jasper": {
					"10": "Custom_LK_Museum2 -100 -100"
				}
			},
			"When": {
				"HasSeenEvent:hostPlayer |contains=50709911": true,
				"HasSeenEvent:hostPlayer |contains=50709915": false
			}
		},
		{
			"LogName": "NPC Manifestation - Makes Jasper datable",
			"Action": "EditData",
			"Target": "Data/NPCDispositions",
			"Fields": {
				"Jasper": {
					"5": "datable"
				}
			},
			"When": {
				"HasSeenEvent:hostPlayer |contains=50709915": true
			}
		},
		{
			"LogName": "NPC Gift Tastes",
			"Action": "EditData",
			"Target": "Data/NPCGiftTastes",
			"Entries": {
				"Jasper": "{{i18n:gift.love.{{JasperSpouse}}}}/72 82 243 108 121 122 258 613 563 564/{{i18n:gift.like.{{JasperSpouse}}}}/535 536 537 749 96 97 98 99 459 -2 -12/{{i18n:gift.dislike.{{JasperSpouse}}}}/440 209/{{i18n:gift.hate.{{JasperSpouse}}}}/346 2/{{i18n:gift.neutral.{{JasperSpouse}}}}//"
			}
		},
		{
			"LogName": "Animations",
			"Action": "EditData",
			"Target": "Data/animationDescriptions",
			"Entries": {
				"Jasper_Read": "22/21 21 21 21 21 21 21 21 21 21 21 21 21 21 21 21 21 20 20 20 20 20 20 20 20 20 20/22/Strings\\animationDescriptions:Jasper_Read",
				"jasper_read": "22/21 21 21 21 21 21 21 21 21 21 21 21 21 21 21 21 21 20 20 20 20 20 20 20 20 20 20/22",
				"jasper_sleep": "38/38/38",
				"Jasper_Exercise": "0/16 16 16 16 17 17 17 17 16 16 16 16 17 17 17 17 16 16 16 16 17 17 17 17 16 16 16 16 16 16 16 16 18 18 18 18 16 16 16 16 18 18 18 18 16 16 16 16 18 18 18 18 16 16 16 16/0",
				"Jasper_Breathe": "2/32 32 32 32 32 32 32 32 32 32 32 32 32 32 32 32 32 32 32 32 32 32 32 32 33 33 33 33 33 33 33 33 33 33 33 33 33 33 33 33 33 33 33 33 33 33 33 33/2/Strings\\animationDescriptions:Jasper_Breathe",
				"jasper_beach_umbrella": "22/21 21 21 21 21 21 21 21 21 21 21 21 21 21 21 21 21 20 20 20 20 20 20 20 20 20 20/22",
				"jasper_beach_towel": "22/21 21 21 21 21 21 21 21 21 21 21 21 21 21 21 21 21 20 20 20 20 20 20 20 20 20 20/22"
			}
		},
		{
			"LogName": "Animations",
			"Action": "EditData",
			"Target": "Data/animationDescriptions",
			"Entries": {
				"Jasper_Read": "22/21 21 21 21 21 21 21 21 21 21 21 21 21 21 21 21 21 20 20 20 20 20 20 20 20 20 20/22"
			},
			"When": {
				"Spouse": "Jasper"
			}
		},
		{
			"LogName": "Animation strings",
			"Action": "EditData",
			"Target": "Strings/animationDescriptions",
			"Entries": {
				"Jasper_Breathe": "{{i18n:jasper.breathe}}",
				"Jasper_Read": "{{i18n:{{season}}.{{e9921}}.read}}"
			}
		},
		{
			"LogName": "Animation strings",
			"Action": "EditData",
			"Target": "Strings/animationDescriptions",
			"Entries": {
				"Jasper_Read": "{{i18n:elliott.read}}"
			},
			"When": {
				"Season": "Winter",
				"HasSeenEvent": "1848481"
			}
		},
		{
			"LogName": "Animation strings",
			"Action": "EditData",
			"Target": "Strings/animationDescriptions",
			"Entries": {
				"Jasper_Read": "{{i18n:rain.{{e9921}}.read}}"
			},
			"When": {
				"Weather": "Rain, Storm"
			}
		},
		//S C H E D U L E S
		{
			"LogName": "Schedule Dialogue",
			"Action": "Load",
			"Target": "Strings/schedules/Jasper",
			"FromFile": "assets/Schedule/ScheduleDialogue.json"
		},
		{
			"LogName": "Schedule - pre-accident",
			"Action": "Load",
			"Target": "Characters/schedules/Jasper",
			"FromFile": "assets/Schedule/Schedule.json",
			"When": {
				"HasSeenEvent:hostPlayer |contains=50709911": false
			}
		},
		{
			"LogName": "Schedule - recovery",
			"Action": "Load",
			"Target": "Characters/schedules/Jasper",
			"FromFile": "assets/Schedule/Schedule2.json",
			"When": {
				"HasSeenEvent:hostPlayer |contains=50709915": true,
				"HasSeenEvent:hostPlayer |contains=Warp": false
			}
		},
		{
			"LogName": "Schedule - final",
			"Action": "Load",
			"Target": "Characters/schedules/Jasper",
			"FromFile": "assets/Schedule/Schedule3.json",
			"When": {
				"HasSeenEvent:hostPlayer |contains=Warp": true
			}
		},
		{
			"LogName": "Schedule - if East Scarpe installed",
			"Action": "EditData",
			"Target": "Characters/schedules/Jasper",
			"Entries": {
				"marriage_Sun": "700 Custom_EastScarpe 31 100 2 \"Strings\\schedules\\Jasper:marriage_Ca1\"/1200 Custom_EastScarpe 68 21 1 \"Strings\\schedules\\Jasper:marriage_Ca2\"/1800 Saloon 36 20 1/2200 BusStop -1 23 3"
			},
			"When": {
				"HasDialogueAnswer": "5070124",
				"HasMod": "LemurKat.EastScarpe.CP"
			}
		},
		//Spouse Room
		{
			"Action": "EditData",
			"Target": "Data/SpouseRooms",
			"Entries": {
				"Jasper": "Lemurkat_Jasper_SpouseRoom/0"
			}
		},
		{
			"Action": "Load",
			"Target": "Maps/Lemurkat_Jasper_SpouseRoom",
			"FromFile": "assets/Maps/SpouseRoomJasper.tmx"
		},
		//Spouse Patio
		// register outside area
		{
			"Action": "EditData",
			"Target": "Data/SpousePatios",
			"Entries": {
				"Jasper": "Lemurkat_Jasper_OutsideArea/0/32 32 32 32 32 32 32 32 32 32 32 32 32 32 32 32 32 32 32 32 32 32 32 32 33 33 33 33 33 33 33 33 33 33 33 33 33 33 33 33 33 33 33 33 33 33 33 33"
			},
			"When": {
				"season": "winter, fall"
			}
		},
		{
			"Action": "EditData",
			"Target": "Data/SpousePatios",
			"Entries": {
				"Jasper": "Lemurkat_Jasper_OutsideArea/0/21 21 21 21 21 21 21 21 21 21 21 21 21 21 21 21 21 20 20 20 20 20 20 20 20 20 20"
			},
			"When": {
				"season": "summer, spring"
			}
		},
		// load spouse map
		{
			"Action": "Load",
			"Target": "Maps/Lemurkat_Jasper_OutsideArea",
			"FromFile": "assets/Maps/spousePatiosJasper.tmx"
		},
		{ //Marriage Schedules
			"LogName": "Schedule - after marriage",
			"Action": "EditData",
			"Target": "Characters/schedules/Jasper",
			"Entries": {
				"marriage_Mon": "800 Town 46 32 2 Jasper_Read \"Strings\\schedules\\Jasper:marriage_{{Random:To1, To2, To3}}\"/1200 Beach 45 22 2 \"Strings\\schedules\\Jasper:marriage_{{Random:Be1, Be2, Be3}}\"/1600 ArchaeologyHouse 2 10 0 \"Strings\\schedules\\Jasper:marriage_{{Random:AH1, AH2, AH3}}\"/2030 BusStop -1 23 3",
				"marriage_Wed": "MAIL Jasper_Penny/GOTO marriage_Wed_NoTute/800 ArchaeologyHouse 18 9 2 \"Strings\\schedules\\Jasper:marriage_{{Random:AM1, AM2, AM3}}\"/1400 Forest 75 50 2 \"Strings\\schedules\\Jasper:marriage_{{Random:For1, For2, For3}}\"/1930 BusStop -1 23 3",
				"marriage_Wed_NoTute": "900 Forest 75 50 2 \"Strings\\schedules\\Jasper:marriage_{{Random:For1, For2, For3}}\"/1430 ArchaeologyHouse 4 10 0 \"Strings\\schedules\\Jasper:marriage_{{Random:AH1, AH2, AH3}}\"/2030 BusStop -1 23 3",
				"marriage_Fri": "MAIL Dwarf_Friend/GOTO marriage_Fri_NoDwarf/800 Town 46 32 \"Strings\\schedules\\Jasper:marriage_{{Random:To4, To5, To6}}\"/1100 Mountain 43 7/1230 Mountain 52 6 2 Jasper_Breathe/1300 Mine 42 7 1 \"Strings\\schedules\\Jasper:marriage_{{Random:Dw1, Dw2, Dw3}}\"/1800 BusStop -1 23 3",
				"marriage_Fri_NoDwarf": "800 Town 50 22 \"Strings\\schedules\\Jasper:marriage_{{Random:To4, To5, To6}}\"/1100 AdventureGuild 7 12 3 \"Strings\\schedules\\Jasper:marriage_{{Random:Adv1,Adv2,Adv3}}\"/1800 BusStop -1 23 3"
			}
		},
		{
			"LogName": "Schedule - if East Scarpe installed",
			"Action": "EditData",
			"Target": "Characters/schedules/Jasper",
			"Entries": {
				"Sat": "610 Custom_LK_Museum2 18 13 0/700 Custom_LK_Museum2 21 14 3/930 Custom_LK_Museum2 12 14 2 Jasper_Exercise \"Strings\\schedules\\Jasper:008\"/1100 Custom_EastScarpe 31 97 2 \"Strings\\schedules\\Jasper:saturday.001\"/1630 ArchaeologyHouse 22 4 2",
				"marriage_summer_15": "730 Custom_EastScarpe 21 102 0 \"Strings\\schedules\\Jasper:020\"/1230 Custom_EastScarpe 38 77 0 \"Strings\\schedules\\Jasper:021\"/1430 Custom_EastScarpe 54 114 2/1800 BusStop -1 23 3"
				//"marriage_Sun": "700 Custom_EastScarpe 31 100 2 \"Strings\\schedules\\Jasper:marriage_Ca1\"/1200 Custom_EastScarpe 68 21 1 \"Strings\\schedules\\Jasper:marriage_Ca2\"/1800 Saloon 36 20 1/2200 BusStop -1 23 3"
			},
			"When": {
				"HasSeenEvent:hostPlayer |contains=Warp": true,
				"HasMod": "LemurKat.EastScarpe.CP"
			}
		},
		{ //Visiting Dr Harvey 			
			"LogName": "Schedule - Visiting Harvey",
			"Action": "EditData",
			"Target": "Characters/schedules/Harvey",
			"Entries": {
				"Thu": "730 Hospital 1 5 0/900 Hospital 4 5 1 \"Strings\\schedules\\Harvey:009\"/1250 Hospital 10 14 2/1330 Hospital 5 5 2/1410 Hospital 5 6 3 harvey_examine_left/1550 Hospital 5 5 2/1610 Hospital 4 5 0/1630 Hospital 3 15 0/1800 HarveyRoom 9 5 0/2300 HarveyRoom 13 4 1 harvey_sleep"
			},
			"When": {
				"HasSeenEvent |contains=50709915": true,
				"HasSeenEvent |contains=Warp": false
			}
		},
		{
			"LogName": "Schedule Dialogue for Harvey",
			"Action": "EditData",
			"Target": "Strings/schedules/Harvey",
			"Entries": {
				"009": "The wound looks to be healing well.$3"
			}
		},
		//P O R T R A I T S   A N D   S P R I T E S
		//Orginal
		{
			"LogName": "Jasper Portraits",
			"Action": "Load",
			"Target": "Portraits/Jasper",
			"FromFile": "assets/Portraits/{{JasperPortraits}}/Jasper.png"
		},
		{
			"LogName": "Jasper Portraits - wheelchair",
			"Action": "EditImage",
			"Target": "Portraits/Jasper",
			"FromFile": "assets/Portraits/{{JasperPortraits}}/Jasper_wheelchair.png",
			"When": {
				"HasSeenEvent:hostPlayer |contains=50709915": true,
				"HasSeenEvent: hostPlayer |contains=Warp": false
			}
		},
		{
			"LogName": "Jasper Portrait - prosthetic",
			"Action": "EditImage",
			"Target": "Portraits/Jasper",
			"FromFile": "assets/Portraits/{{JasperPortraits}}/Jasper_prosthetic.png",
			"When": {
				"HasSeenEvent:hostPlayer |contains=Warp": true,
				"Season": "spring, summer, fall"
			}
		},
		{
			"LogName": "Jasper Portrait - prosthetic",
			"Action": "EditImage",
			"Target": "Portraits/Jasper",
			"FromFile": "assets/Portraits/{{JasperPortraits}}/Jasper_winter.png",
			"When": {
				"HasSeenEvent:hostPlayer |contains=50709930": true,
				"Season": "winter"
			}
		},
		{
			"LogName": "Jasper Sprites",
			"Action": "Load",
			"Target": "Characters/Jasper",
			"FromFile": "assets/Characters/Airyn/Jasper.png"
		},
		{
			"LogName": "Jasper Sprites - wheelchair",
			"Action": "EditImage",
			"Target": "Characters/Jasper",
			"FromFile": "assets/Characters/Airyn/Jasper-wheelchair.png",
			"When": {
				"HasSeenEvent:hostPlayer |contains=50709915": true,
				"HasSeenEvent: hostPlayer |contains=50709930": false
			}
		},
		{
			"LogName": "Jasper Sprites - prosthetic",
			"Action": "EditImage",
			"Target": "Characters/Jasper",
			"FromFile": "assets/Characters/Airyn/Jasper-prosthetic.png",
			"When": {
				"HasSeenEvent:hostPlayer |contains=50709930": true,
				"Season": "spring, summer, fall"
			}
		},
		{
			"LogName": "Jasper Sprites - winter",
			"Action": "EditImage",
			"Target": "Characters/Jasper",
			"FromFile": "assets/Characters/Airyn/Jasper-winter.png",
			"When": {
				"HasSeenEvent:hostPlayer |contains=50709930": true,
				"Season": "winter"
			}
		},
		{
			"LogName": "Adds Jasper to festivals",
			"Action": "Include",
			"FromFile": "assets/Includes/Festivals.json",
			"When": {
				"HasSeenEvent |contains=50709911": false,
				"HasMod |contains=FlashShifter.StardewValleyExpandedCP": false
			}
		},
		{
			"LogName": "Adds Jasper to festivals after he returns",
			"Action": "Include",
			"FromFile": "assets/Includes/Festivals.json",
			"When": {
				"HasSeenEvent |contains=50709911": true,
				"HasSeenEvent |contains=50709915": true,
				"HasMod |contains=FlashShifter.StardewValleyExpandedCP": false
			}
		},
		{
			"LogName": "Adds Jasper to festivals",
			"Action": "Include",
			"FromFile": "assets/Includes/Festivals_SVE.json",
			"When": {
				"HasSeenEvent |contains=50709911": false,
				"HasMod |contains=FlashShifter.StardewValleyExpandedCP": true
			}
		},
		{
			"LogName": "Adds Jasper to festivals after he returns",
			"Action": "Include",
			"FromFile": "assets/Includes/Festivals_SVE.json",
			"When": {
				"HasSeenEvent |contains=50709911": true,
				"HasSeenEvent |contains=50709915": true,
				"HasMod |contains=FlashShifter.StardewValleyExpandedCP": true
			}
		},
		// D I A L O G U E
		//Rainy Day Dialogue
		{
			"LogName": "Rainy Day Dialogue",
			"Action": "EditData",
			"Target": "Characters/Dialogue/rainy",
			"Entries": {
				"Jasper": "{{i18n:rainyDay}}"
			}
		},
		{ //Loads in dialogue
			"LogName": "Dialogue",
			"Action": "Load",
			"Target": "Characters/Dialogue/Jasper",
			"FromFile": "assets/Dialogue/Jasper.json"
		},
		{
			"LogName": "Dialogue",
			"Action": "Include",
			"FromFile": "assets/Translations/en/dialogue.json",
			"When": {
				"Language |contains=en,ru": false
			}
		},
		{
			"LogName": "Festival Dialogue",
			"Action": "Include",
			"FromFile": "assets/Includes/DialogueFestivals.json"
		},
		//E N G A G E M E N T   D I A L O G U E
		{
			"LogName": "Engagement Dialogue",
			"Action": "EditData",
			"Target": "Data/EngagementDialogue",
			"Entries": {
				"Jasper0": "{{i18n:engagement0}}",
				"Jasper1": "{{i18n:engagement1}}"
			}
		},
		// M A R R I A G E   D I A L O G U E
		{
			"LogName": "Dialogue",
			"Action": "Load",
			"Target": "Characters/Dialogue/MarriageDialogueJasper",
			"FromFile": "assets/Dialogue/MarriageDialogueJasper.json"
		},
		//Seasonal Changes
		{ //edits in additional dialogue and/or translations
			"LogName": "Additional Dialogue",
			"Action": "Include",
			"FromFile": "assets/Translations/{{Language}}/MarriageDialogueJasper.json",
			"When": {
				"Language |contains=en,ru": true
			}
		},
		{
			"LogName": "Dialogue",
			"Action": "Include",
			"FromFile": "assets/Translations/en/MarriageDialogueJasper.json",
			"When": {
				"Language |contains=en,ru": false
			}
		},
		//T E M P   A C T O R S   &   L O C A T I O N S 
		{
			"LogName": "Amber Junimo Temp Actor",
			"Action": "Load",
			"Target": "Characters/JunimoAmber",
			"FromFile": "assets/Characters/JunimoAmber.png"
		},
		{
			"LogName": "Mines map",
			"Action": "Load",
			"Target": "Maps/MineIce",
			"FromFile": "assets/Maps/MineIce.tmx"
		},
		{
			"LogName": "Mines map",
			"Action": "Load",
			"Target": "Characters/InjuredJasper",
			"FromFile": "assets/Characters/Airyn/InjuredJasper.png"
		},
		{
			"LogName": "Jade Junimo Temp Actor",
			"Action": "Load",
			"Target": "Characters/JunimoJade",
			"FromFile": "assets/Characters/JunimoJade.png"
		},
		{
			"Action": "Load",
			"Target": "Maps/FairyPoolPicnic",
			"FromFile": "assets/Maps/{{season}}_FairyPoolPicnic.tmx",
			"When": {
				"Season": "spring,summer"
			}
		},
		{
			"Action": "Load",
			"Target": "Maps/Farmhouse14",
			"FromFile": "assets/Maps/Farmhouse14.tmx"
		},
		{
			"Action": "Load",
			"Target": "Characters/JasperClothes",
			"FromFile": "assets/Characters/clothes.png"
		},
		{
			"Action": "Load",
			"Target": "Characters/Jasper_Swimsuit",
			"FromFile": "assets/Characters/Airyn/Jasper-swimsuit.png"
		},
		{
			"LogName": "Museum2 Events",
			"Action": "Load",
			"Target": "Data/Events/Custom_LK_Museum2",
			"FromFile": "assets/Blank.json"
		},
		{
			"LogName": "Museum2 Events",
			"Action": "Load",
			"Target": "Data/Events/Caldera",
			"FromFile": "assets/Blank.json",
			"When": {
				"HasMod |contains=FlashShifter.StardewValleyExpandedCP": false
			}
		},
		/*******************************
		 E V E N T S
		*******************************/
		{ //4 heart event
			"LogName": "Cindersap Events",
			"Action": "EditData",
			"Target": "Data/Events/Forest",
			"Entries": {
				"50709910/f Jasper 1000/w sunny/p Jasper": "continue/83 100/Jasper 77 99 2 farmer 82 97 2/skippable/AddTemporaryActor JunimoAmber 16 32 78 96 2 false/showFrame Jasper 32/pause 1500/move farmer 0 2 3/pause 1500/playSound grassyStep/showFrame Jasper 33/speak Jasper \"{{i18n:50709910.01}}\"/pause 500/move farmer -4 0 3/pause 500/showFrame Jasper 4/pause 500/speak Jasper \"{{i18n:50709910.02}}\"/emote farmer 32/pause 500/speak Jasper \"{{i18n:50709910.03}}\"/faceDirection Jasper 2/pause 500/showFrame Jasper 32/faceDirection farmer 2/pause 500/speak Jasper \"{{i18n:50709910.04}}\"/pause 2000/playSound leafrustle/pause 1500/emote farmer 8/pause 500/faceDirection farmer 3/pause 500/playSound junimoMeep1/pause 500/move JunimoAmber 1 0 2/faceDirection farmer 0/move JunimoAmber 0 2 2/animate JunimoAmber false false 250 20 21 22 23 20 21 22 23/pause 1500/emote farmer 16/pause 1500/faceDirection farmer 3/pause 500/faceDirection farmer 0/animate JunimoAmber false false 250 16 17 18 19 16 17 18 19/pause 500/showFrame Jasper 33/pause 500/showFrame Jasper 4/emote Jasper 8/pause 500/jump JunimoAmber 3/playSound junimoMeep1/speed JunimoAmber 7/move JunimoAmber 0 -2 3/speed JunimoAmber 7/move JunimoAmber -1 0 2/playSound leafrustle/pause 500/faceDirection Jasper 0/pause 1000/faceDirection farmer 3/faceDirection Jasper 1/speak Jasper \"{{i18n:50709910.05}}\"/pause 1500/faceDirection Jasper 2/faceDirection farmer 2/speak Jasper \"{{i18n:50709910.06}}\"/pause 500/showFrame Jasper 33/pause 500/speak Jasper \"{{i18n:50709910.07}}\"/pause 500/showFrame Jasper 32/pause 1500/faceDirection farmer 3/pause 500/faceDirection farmer 1/move farmer 4 0 0/pause 500/faceDirection farmer 3/pause 500/emote farmer 60/move farmer 0 -3 0/pause 500/playSound junimoMeep1/showFrame Jasper 33/jump Jasper 2/pause 500/faceDirection Jasper 0/emote Jasper 8/pause 1000/end"
			}
		},
		{ //2 heart and 6+ heart events
			"LogName": "Museum2 Events",
			"Action": "EditData",
			"Target": "Data/Events/Custom_LK_Museum2",
			"Entries": {
				"50709900/f Jasper 500/p Jasper": "none/-1000 -1000/Jasper 20 13 2 farmer 18 17 0/skippable/viewport 11 14/pause 500/showFrame Jasper 28/pause 500/emote Jasper 12/pause 500/showFrame Jasper 29/pause 500/speak Jasper \"{{i18n:50709900.01}}\"/pause 500/move farmer 0 -2 0/showFrame Jasper 30/pause 250/jump Jasper 2/pause 250/emote Jasper 28/pause 500/speak Jasper \"{{i18n:50709900.02}}\"/pause 500/quickQuestion {{i18n:50709900.q1}}(break)speak Jasper \"{{i18n:50709900.q2}}\"(break)speak Jasper \"{{i18n:50709900.q3}}\"(break)speak Jasper \"{{i18n:50709900.q4}}\"(break)speak Jasper \"{{i18n:50709900.q5}}\"/pause 500/emote farmer 40/pause 500/speak Jasper \"{{i18n:50709900.03}}\"/pause 500/faceDirection farmer 0/question fork1 \"#{{i18n:50709900.04}}#{{i18n:50709900.05}}\"/fork NoHelpJasper/pause 500/playMusic sappypiano/move farmer 0 -1 1/pause 250/emote Jasper 32/pause 500/move Jasper -1 0 2/speak Jasper \"{{i18n:50709900.06}}\"/pause 500/showFrame Jasper 29/speak Jasper \"{{i18n:50709900.07}}\"/pause 500/showFrame Jasper 30/pause 500/speak Jasper \"{{i18n:50709900.08}}\"/pause 500/move Jasper -1 0 2/showFrame Jasper 31/pause 500/faceDirection farmer 0/pause 500/Message \"{{i18n:50709900.09}}\"/pause 500/emote Jasper 28/pause 500/speak Jasper \"{{i18n:50709900.10}}\"/pause 500/move Jasper 2 0 1/speak Jasper \"{{i18n:50709900.11}}\"/pause 500/move Jasper -1 0 2/speak Jasper \"{{i18n:50709900.12}}\"/pause 500/emote farmer 40/speak Jasper \"{{i18n:50709900.13}}\"/pause 500/emote farmer 32/faceDirection farmer 2/move farmer 0 1 2/pause 1000/end",
				"NoHelpJasper": "pause 500/speak Jasper \"{{i18n:NoHelpJasper.01}}\"/pause 500/faceDirection farmer 2/pause 500/move farmer 0 1 2/showFrame Jasper 29/pause 500/faceDirection farmer 0/pause 500/emote farmer 60/pause 500/faceDirection farmer 2/pause 1000/end",
				"50709919/n Jasper_Home1/p Jasper": "none/-1000 -1000/Jasper 19 13 2 farmer 18 17 0/addConversationTopic JasperHomeA 7/addConversationTopic JasperHomeB 14/skippable/viewport 11 14/animate Jasper false true 300 21 21 21 20/pause 500/textAboveHead Jasper \"{{i18n:50709919.00}}\"/pause 1000/textAboveHead Jasper \"{{i18n:50709919.01}}\"/pause 1000/move farmer 0 -1 0/playSound woodyStep/pause 500/stopAnimation Jasper/pause 500/showFrame Jasper 22/pause 500/emote Jasper 32/pause 500/speak Jasper \"{{i18n:50709919.02}}\"/pause 500/faceDirection Jasper 0/playSound wateringCan/pause 500/faceDirection Jasper 3/move Jasper -1 0 2/move farmer 0 -2 0/pause 500/farmerEat 614/pause 500/emote farmer 20/pause 500/emote Jasper 28/speak Jasper \"{{i18n:50709919.03}}\"/pause 500/faceDirection farmer 0/emote farmer 8/pause 500/faceDirection Jasper 1/move Jasper 3 0 3/faceDirection farmer 1/pause 500/speak Jasper \"{{i18n:50709919.04}}\"/pause 500/move Jasper -2 0 2/pause 500/speak Jasper \"{{i18n:50709919.05}}\"/pause 500/speak Jasper \"{{i18n:50709919.06}}\"/pause 500/speak Jasper \"{{i18n:50709919.07}}\"/pause 500/speak Jasper \"$q 5070121 null \"#{{i18n:50709919.08}}#$r 5070121 25 Write_Yes#{{i18n:50709919.09}}#$r 5070121 50 Write_Maybe#{{i18n:50709919.10}}#$r 5070122 0 Write_No#{{i18n:50709919.11}}\"/pause 500/speak Jasper \"{{i18n:50709919.12}}\"/pause 1000/end dialogue Jasper \"{{i18n:50709919.12}}\"",
				"50709920/n Jasper_HomeA/p Jasper": "none/11 14/Jasper 18 13 0 farmer 19 17 0/skippable/pause 500/Message \"{{i18n:50709920.01}}\"/pause 1000/move farmer 0 -1 0/playSound woodyStep/pause 500/faceDirection Jasper 2/jump Jasper 1/pause 500/emote Jasper 28/pause 500/speak Jasper \"{{i18n:50709920.02}}\"/emote farmer 60/pause 500/question fork0 \"#{{i18n:50709920.03}}#{{i18n:50709920.04}}\"/fork LeaveAlone/pause 500/speak Jasper \"{{i18n:50709920.05}}\"/pause 500/quickQuestion {{i18n:50709920.q1}}(break)speak Jasper \"{{i18n:50709920.q2}}\"(break)speak Jasper \"{{i18n:50709920.q3}}\"(break)speak Jasper \"{{i18n:50709920.q4}}\"/pause 500/emote Jasper 20/pause 500/playMusic starshoot/speak Jasper \"{{i18n:50709920.06}}\"/pause 500/faceDirection Jasper 0/pause 500/move farmer -1 0 0/faceDirection Jasper 2/move farmer 0 -1 0/pause 500/emote Jasper 28/pause 500/emote farmer 32/pause 500/speak Jasper \"{{i18n:50709920.07}}\"/pause 500/speak Jasper \"{{i18n:50709920.08}}\"/pause 500/emote farmer 8/pause 500/speak Jasper \"{{i18n:50709920.09}}\"/pause 500/move Jasper 3 0 1/pause 500/move farmer 0 -1 1/move Jasper -2 0 2/pause 500/speak Jasper \"{{i18n:50709920.10}}\"/emote farmer 28/pause 500/speak Jasper \"{{i18n:50709920.11}}\"/pause 500/speak Jasper \"{{i18n:50709920.12}}\"/pause 500/emote farmer 32/pause 1000/end",
				"LeaveAlone": "pause 500/speak Jasper \"{{i18n:LeaveAlone.01}}\"/pause 500/faceDirection farmer 2/pause 500/move farmer 0 1 2/pause 500/faceDirection farmer 0/pause 500/emote farmer 60/pause 500/faceDirection farmer 2/pause 1000/end",
				"50709927/n Jasper_HomeB/p Jasper": "breezy/11 16/Jasper 7 17 0 farmer 19 17 0/skippable/pause 500/textAboveHead Jasper \"{{i18n:50709927.01}}\"/pause 500/textAboveHead Jasper \"{{i18n:50709927.02}}\"/pause 1000/move farmer 0 -1 3/playSound woodyStep/pause 500/faceDirection Jasper 1/pause 500/speak Jasper \"{{i18n:50709927.03}}\"/move Jasper 2 0 0/move Jasper 0 -1 1/emote farmer 20/move Jasper 0 -1 2/move farmer -6 0 3/pause 500/speak Jasper \"{{i18n:50709927.04}}\"/pause 500/move Jasper 0 2 3/move Jasper -3 0 0/pause 500/move farmer -4 0 3/move farmer 0 1 3/move farmer -2 0 0/pause 500/playSound openChest/pause 500/playSound newRecipe/pause 500/Message \"{{i18n:50709927.05}}\"/end"
			}
		},
		{ //6 heart event (and mail)
			"LogName": "Farm Events and mail",
			"Action": "EditData",
			"Target": "Data/Events/Farm",
			"Entries": {
				"50709911/t 600 1130/f Jasper 1500/e 50709910/e 50709900/H": "sappypiano/64 15/farmer 64 16 2 Jasper 64 18 0/broadcastEvent/addConversationTopic JasperGone1 7/addConversationTopic JasperGone2 10/skippable/pause 1500/speak Jasper \"{{i18n:50709911.01}}\"/pause 500/emote farmer 8/pause 500/speak Jasper \"{{i18n:50709911.02}}\"/pause 500/emote farmer 16/pause 500/speak Jasper \"{{i18n:50709911.03}}\"/pause 500/faceDirection Jasper 3/pause 500/emote Jasper 28/pause 500/faceDirection Jasper 0/pause 500/speak Jasper \"{{i18n:50709911.04}}\"/pause 500/faceDirection Jasper 1/pause 500/faceDirection Jasper 0/pause 500/speak Jasper \"{{i18n:50709911.05}}\"/emote farmer 28/pause 500/speak Jasper \"{{i18n:50709911.06}}\"/pause 500/end invisible Jasper",
				"50709912/e 50709911/t 600 1130/A JasperGone1": "none/64 15/farmer 64 16 2 Gunther 64 18 0/skippable/pause 1500/speak Gunther \"{{i18n:50709912.01}}\"/pause 500/emote farmer 8/pause 500/speak Gunther \"{{i18n:50709912.02}}\"/pause 500/faceDirection Gunther 2/pause 500/faceDirection Gunther 0/pause 500/speak Gunther \"{{i18n:50709912.03}}\"/pause 500/emote farmer 28/pause 500/speak Gunther \"{{i18n:50709912.04}}\"/pause 500/emote farmer 60/pause 500/end",
				"50709913/e 50709911/A JasperGone2/x Jasper_Peasbody1 true": "null",
				"50709915/e 50709914/A JasperHurt/x Jasper_Home true": "null",
				"50709916/e 50709915/A JasperHome1/x Jasper_Home1 true": "null",
				"50709929/e 50709919/A JasperHomeA/x Jasper_HomeA true": "null",
				"50709930/e 50709920/x Jasper_HomeB true": "null",
				"50709932/e 50709921/f Jasper 2500/D Jasper/z winter/z fall/x Jasper_Picnic true": "null"
			}
		},
		{
			"LogName": "Farm Events and mail",
			"Action": "EditData",
			"Target": "Data/Events/Farm",
			"Entries": {
				"5599000/x Jasper_LoveLetter true": "null"
			},
			"When": {
				"Relationship:Jasper": "Engaged"
			}
		},
		{ //6 heart event and bonus event with Dwarf
			"LogName": "Mine Events",
			"Action": "EditData",
			"Target": "Data/Events/Mine",
			"Entries": {
				"50709914/e 50709912/H": "Upper_Ambient/18 7/Harvey -100 -100 2 Jasper -100 -100 0 Dwarf -100 -100 0 farmer 18 12 0/broadcastEvent/addConversationTopic JasperHurt 3/addConversationTopic JasperHome1 7/skippable/pause 500/move farmer 0 -2 0/pause 500/playSound stairsdown/emote farmer 16/warp Dwarf 23 9/pause 500/move Dwarf -1 0 3/pause 500/jump Dwarf 1/speed Dwarf 5/move Dwarf -4 0 2/pause 500/speak Dwarf \"{{i18n:50709914.01}}\"/pause 500/emote Dwarf 40/pause 500/speak Dwarf \"{{i18n:50709914.02}}\"/move Dwarf 2 0 1/faceDirection Dwarf 3/speak Dwarf \"{{i18n:50709914.03}}\"/emote farmer 8/move farmer 0 -1 1/pause 500/faceDirection Dwarf 1/pause 500/speed Dwarf 5/move Dwarf 2 0 1/pause 500/speed Dwarf 5/move Dwarf 1 0 0/pause 500/warp Dwarf -100 -100/playSound stairsdown/pause 500/emote farmer 16/pause 500/speed farmer 7/move farmer 4 0 0/warp farmer -100 -100/globalFade/viewport -1000 -1000/changeToTemporaryMap MineIce/viewport -1000 -1000/warp Dwarf 12 11/warp farmer 15 8/faceDirection Dwarf 1/addTemporaryActor InjuredJasper 32 32 13 12 2 false/pause 1000/viewport 18 11/playMusic starshoot/faceDirection farmer 2/pause 500/emote farmer 16/pause 500/speed farmer 5/move farmer 0 3 3/move farmer -1 0 3/pause 500/speak Jasper \"{{i18n:50709914.04}}\"/jump Dwarf 2/pause 500/emote Dwarf 12/pause 500/speak Jasper \"{{i18n:50709914.05}}\"/pause 500/emote farmer 40/pause 500/speak Jasper \"{{i18n:50709914.06}}\"/emote farmer 16/pause 500/globalFade/warp Dwarf -100 -100/viewport -1000 -1000/changeLocation Hospital/viewport -1000 -1000/warp InjuredJasper 20 4/warp farmer 14 6/warp Harvey 15 6/showFrame InjuredJasper 1/positionOffset  InjuredJasper 0 6/viewport 16 6/pause 500/faceDirection Harvey 3/faceDirection farmer 1/pause 500/speak Harvey \"{{i18n:50709914.07}}\"/pause 500/emote farmer 28/pause 500/speak Harvey \"{{i18n:50709914.08}}\"/pause 1000/end dialogue Dwarf \"{{i18n:50709914.09}}\"",
				"55990003/e 55990002/k 55990004/f Dwarf 1000": "EarthMine/-100 -100/Dwarf 42 10 2 farmer 36 8 1/skippable/addObject 42 11 102 1/viewport 36 11/pause 500/emote Dwarf 8/pause 1500/emote Dwarf 12/pause 500/move farmer 4 0 2/jump farmer 3/emote farmer 16/pause 500/Message \"{{i18n:55990003.00}}\"/pause 500/speed farmer 5/move farmer 0 2 2/faceDirection Dwarf 3/shake Dwarf 400/pause 500/move Dwarf -1 0 3/faceDirection farmer 1/question null \"#{{i18n:55990003.01}}#{{i18n:55990003.02}}\"/pause 500/emote Dwarf 12/pause 500/faceDirection Dwarf 1/shake Dwarf 250/speak Dwarf \"{{i18n:55990003.03}}\"/pause 500/emote farmer 40/pause 500/faceDirection Dwarf 1/stopMusic/pause 500/playMusic starshoot/pause 500/faceDirection Dwarf 2/speak Dwarf \"{{i18n:55990003.04}}\"/pause 500/faceDirection Dwarf 3/pause 500/speak Dwarf \"{{i18n:55990003.05}}\"/pause 500/shake Dwarf 140/emote Dwarf 28/quickQuestion {{i18n:55990003.q0}}(break)pause 500\\jump Dwarf 3\\emote Dwarf 16\\speak Dwarf \"{{i18n:55990003.q1}}\"(break)pause 500\\speak Dwarf \"{{i18n:55990003.q2}}\"(break)pause 500\\shake Dwarf 240\\speak Dwarf \"{{i18n:55990003.q3}}\"/pause 500/speak Dwarf \"{{i18n:55990003.06}}\"/pause 500/emote farmer 8/pause 500/speak Dwarf \"{{i18n:55990003.07}}\"/pause 500/emote farmer 16/speak Dwarf \"{{i18n:55990003.08}}\"/pause 500/faceDirection Dwarf 1/pause 500/faceDirection Dwarf 3/pause 500/speak Dwarf \"{{i18n:55990003.09}}\"/pause 500/emote Dwarf 40/speak Dwarf \"{{i18n:55990003.10}}\"/pause 500/speak Dwarf \"{{i18n:55990003.11}}\"/pause 1000/end"
			}
		},
		{
			"LogName": "Cameron Portraits",
			"Action": "Load",
			"Target": "Portraits/Cameron",
			"FromFile": "assets/Portraits/Cameron-portraits.png"
		},
		{
			"LogName": "Cameron Sprites",
			"Action": "Load",
			"Target": "Characters/Cameron",
			"FromFile": "assets/Characters/CameronF.png"
		},
		{
			"LogName": "Cameron Sprites",
			"Action": "EditImage",
			"Target": "Characters/Cameron",
			"When": {
				"PlayerGender": "male"
			},
			"FromFile": "assets/Characters/CameronM.png"
		},
		{ //8 heart event
			"LogName": "Cameron makes an appearance",
			"Action": "EditData",
			"Target": "Data/Events/ArchaeologyHouse",
			"Entries": {
				"50709921/f Jasper 2000/e 50709930/t 900 1800": "none/13 11/Jasper 15 9 0 farmer 9 14 3 Gunther 3 8 2/addTemporaryActor Cameron 16 32 11 12 3 true Character/skippable/pause 500/textAboveHead Jasper \"{{i18n:50709921.01}}\"/pause 1000/move Cameron 0 -2 1/pause 500/textAboveHead Jasper \"{{i18n:50709921.02}}\"/move Cameron 0 -1 1/pause 1000/textAboveHead Cameron \"{{i18n:50709921.03 }}\"/pause 500/jump Jasper 2/pause 500/faceDirection Jasper 3/pause 500/playMusic sappypiano/speak Jasper \"{{i18n:50709921.04}}\"/pause 500/faceDirection Jasper 0/pause 500/speak Jasper \"{{i18n:50709921.05}}\"/pause 500/move Cameron 2 0 1/pause 500/speak Cameron \"{{i18n:50709921.06}}\"/pause 500/faceDirection Jasper 3/emote Jasper 12/pause 500/speak Jasper \"{{i18n:50709921.07}}\"/emote Cameron 28/pause 500/speak Cameron \"{{i18n:50709921.08}}\"/pause 500/shake Jasper 350/pause 500/faceDirection Jasper 1/pause 500/speak Jasper \"{{i18n:50709921.09}}\"/pause 500/faceDirection Jasper 3/speak Cameron \"{{i18n:50709921.10}}\"/pause 500/shake Cameron 250/pause 1000/move Cameron 1 0 1/move Jasper 1 0 1/pause 500/textAboveHead Cameron \"{{i18n:50709921.11}}\"/pause 1000/move farmer 3 0 0/move farmer 0 -1 2/move farmer 2 0 0/move farmer 0 -1 0/playSound woodyStep/pause 500/jump Cameron 2/faceDirection Cameron 2/faceDirection Jasper 2/jump Jasper 2/emote farmer 28/pause 1000/emote Jasper 60/emote Cameron 40/pause 1000/speak Jasper \"{{i18n:50709921.12}}\"/speak Cameron \"{{i18n:50709921.13}}\"/pause 500/emote Jasper 12/pause 500/speak Jasper \"{{i18n:50709921.14}}\"/pause 500/faceDirection Cameron 1/pause 500/faceDirection Cameron 2/question null \"...#{{i18n:50709921.15}}\"/pause 500/faceDirection farmer 2/move farmer 0 2 3/pause 500/textAboveHead Jasper \"{{i18n:50709921.16}}\"/pause 500/move Jasper 0 4 3/move Jasper -2 0 2/pause 500/faceDirection farmer 0/move Cameron -1 0 0/pause 500/speak Jasper \"{{i18n:50709921.17}}\"/speak Jasper \"$q 5070123 null \"#{{i18n:50709921.18}}#$r 5070124 0 Rekindle_Yes#{{i18n:50709921.19}}#$r 5070125 0 Rekindle_No#{{i18n:50709921.20}}\"/pause 500/speak Jasper \"{{i18n:50709921.21}}\"/pause 500/emote Jasper 32/pause 500/faceDirection Jasper 0/pause 500/move Jasper 0 -4 3/pause 500/faceDirection Cameron 1/pause 500/faceDirection Cameron 2/emote farmer 60/pause 500/faceDirection Cameron 1/pause 1000/Message \"{{i18n:50709921.22}}\"/end dialogue Jasper \"$p 5070124#{{i18n:50709921.23}}|{{i18n:50709921.24}}\"",
				"5599018/i 74/{{TriggerEvent}}/t 900 1800": "libraryTheme/6 10/Gunther -100 -100 0 Jasper 4 10 0 farmer -100 -100 0/skippable/pause 500/playSound doorOpen/warp farmer 3 14/pause 1000/move farmer 0 -2 0/faceDirection Jasper 2/speak Jasper \"{{i18n:5599018.01}}\"/pause 1000/move farmer 0 -1 1/speak Jasper \"{{i18n:5599018.02}}\"/pause 500/playSound throwDownITem/addObject 4 11 74 0/jump Jasper 5/emote Jasper 16/pause 1500/speak Jasper \"{{i18n:5599018.03}}\"/emote farmer 8/pause 1500/speak Jasper \"{{i18n:5599018.04}}\"/jump farmer 4/speak Jasper \"{{i18n:5599018.05}}\"/pause 500/emote farmer 32/pause 500/speak Jasper \"{{i18n:5599018.06}}\"/playSound doorOpen/jump farmer 5/playSound pickUpItem/removeSprite 4 11/move Jasper 0 1 2/faceDirection farmer 2/warp Gunther 3 14/pause 500/speak Gunther \"{{i18n:5599018.07}}\"/emote Jasper 28/emote farmer 60/pause 1000/end"
			}
		},
		{ //8+ heart event
			"LogName": "Town events",
			"Action": "EditData",
			"Target": "Data/Events/Town",
			"Entries": {
				"55990006/t 1000 1600/w sunny/e 50709921": "{{season}}_day_ambient/63 21/Jasper 63 15 2 Jas 50 25 1 Dwarf 74 13 2 Vincent 50 26 1 Penny 52 30 3 farmer 51 30 1/addConversationTopic Jasper_Teach 7/addMailReceived Jasper_Penny/skippable/Animate Jasper false true 480 22 21 21 20 20 22/speed Vincent 5/move Vincent 13 0 3 true/speed Jas 4/move Jas 12 0 1 true/pause 3000/jump Vincent 2/textAboveHead Vincent \"{{i18n:55990006.01}}\"/pause 500/emote Jas 12/pause 500/faceDirection Vincent 0/pause 500/speak Vincent \"{{i18n:55990006.02}}\"/faceDirection Jas 0/pause 500/speak Vincent \"{{i18n:55990006.03}}\"/pause 500/emote Jas 40/pause 1000/faceDirection Jas 1/emote Jas 36/pause 1000/speak Jas \"{{i18n:55990006.04}}\"/pause 500/speak Vincent \"{{i18n:55990006.05}}\"/speed Vincent 5/move Vincent 0 -3 0 true/emote Jas 12/speed Vincent 5/move Vincent 0 -6 0 true/pause 100/speed Jas 5/move Jas 0 -8 0 true/stopAnimation Jasper/warp Jasper 63 16/pause 500/speak Vincent \"{{i18n:55990006.06}}\"/emote Jas 28/pause 500/speak Jasper \"{{i18n:55990006.07}}\"/faceDirection Dwarf 3/speak Vincent \"{{i18n:55990006.08}}\"/textAboveHead Jas \"{{i18n:55990006.09}}\"/pause 500/faceDirection Penny 0/faceDirection farmer 0/emote Penny 16/emote Vincent 40/pause 500/emote Jasper 60/advancedMove Penny false 4 0 0 -5 6 0 0 -5/pause 500/speak Jasper \"{{i18n:55990006.10}}\"/pause 500/emote Jasper 40/showFrame Jasper 33/pause 500/showFrame Jasper 32/pause 500/showFrame Jasper 33/speak Jasper \"{{i18n:55990006.11}}\"/speak Vincent \"{{i18n:55990006.12}}\"/faceDirection Jas 1 true/faceDirection Vincent 3 true/pause 500/faceDirection Jas 0/faceDirection Vincent 0/pause 500/speak Jas \"{{i18n:55990006.13}}\"/pause 500/emote Jasper 16/pause 500/speak Jasper \"{{i18n:55990006.14}}\"/pause 500/speak Jas \"{{i18n:55990006.15}}\"/pause 500/jump Vincent 2/pause 500/textAboveHead Vincent \"{{i18n:55990006.16}}\"/faceDirection Vincent 3/speak Vincent \"{{i18n:55990006.17}}\"/faceDirection Vincent 0/speak Vincent \"{{i18n:55990006.18}}\"/pause 500/emote Jasper 40/pause 500/speak Jasper \"{{i18n:55990006.19}}\"/textAboveHead Vincent \"{{i18n:55990006.20}}\"/pause 1500/speak Jasper \"{{i18n:55990006.21}}\"/textAboveHead Vincent \"{{i18n:55990006.22}}\"/pause 1500/speak Penny \"{{i18n:55990006.23}}\"/pause 500/speak Jasper \"{{i18n:55990006.24}}\"/pause 500/emote Vincent 16/faceDirection Vincent 2/speak Vincent \"{{i18n:55990006.25}}\"/pause 500/speak Vincent \"{{i18n:55990006.26}}\"/speak Penny \"{{i18n:55990006.27}}\"/pause 500/textAboveHead Jasper \"{{i18n:55990006.28}}\"/faceDirection Vincent 0/speak Vincent \"{{i18n:55990006.29}}\"/pause 500/speak Jasper \"{{i18n:55990006.30}}\"/emote Vincent 8/pause 500/speak Jas \"{{i18n:55990006.31}}\"/faceDirection Jas 2 true/faceDirection Vincent 2 true/speak Jas \"{{i18n:55990006.32}}\"/speak Vincent \"{{i18n:55990006.33}}\"/pause 500/speak Penny \"{{i18n:55990006.34}}\"/jump Vincent 2/pause 500/textAboveHead Vincent \"{{i18n:55990006.35}}\"/faceDirection Jas 0/pause 500/speak Jas \"{{i18n:55990006.36}}\"/emote Jas 56/pause 500/emote Jasper 32/pause 1000/end",
				"5599025/e 5599024/A Jasper_Bionic/d Mon Wed Fri Sat Sun/t 1000 1400": "{{season}}2/36 58/Jasper 39 57 3 farmer 32 57 1 Maru -100 -100 1 Harvey -100 -100 2/skippable/pause 500/move farmer 3 0 1 true/move Jasper -3 0 3 true/pause 1500/speak Jasper \"{{i18n:5599025.01}}\"/pause 500/emote Jasper 28/emote farmer 8/pause 1000/speak Jasper \"{{i18n:5599025.02}}\"/quickQuestion #{{i18n:5599025.q1}}(break)emote Jasper 32\\speak Jasper \"{{i18n:5599025.q2}}\"(break)emote Jasper 12\\speak Jasper \"{{i18n:5599025.q3}}\"/pause 1000/speak Jasper \"{{i18n:5599025.03}}\"/emote Jasper 40/speak Jasper \"{{i18n:5599025.04}}\"/emote farmer 56/pause 1000/faceDirection Jasper 0/move Jasper 0 -1 0/playSound doorOpen/warp Jasper -100 -100/pause 1000/move farmer 1 0 0/pause 1000/emote farmer 40/question fork1 \"...#{{i18n:5599025.q4}}\"/fork Jasper_Continue_Day/pause 500/move farmer 0 -1 0/warp farmer -100 -100/fade/viewport -1000 -1000/changeLocation Hospital/warp Maru 18 5/warp Harvey 6 15/warp Jasper 19 5/faceDirection Jasper 3/warp farmer 13 7/viewport 17 8/move farmer 3 0 1/speak Maru \"...how does that feel? Is it comfortable?$2\"/pause 500/jump Jasper 2/pause 1000/jump Jasper 3/speak Jasper \"{{i18n:5599025.05}}\"/emote Maru 32/speak Maru \"{{i18n:5599025.06}}\"/emote Jasper 20/move Jasper 0 1 2/pause 500/emote Jasper 32/move Jasper 1 0 2 true/move Maru 1 0 2 true/pause 1000/move Jasper 0 1 2 true/move Maru 0 1 2 true/pause 1000/faceDirection Jasper 3/textAboveHead Jasper \"It is wonderful!\"/move Jasper 0 1 3 true/move Maru 1 0 2 true/pause 1000/speed Jasper 5/move Jasper -4 0 1/move Maru 0 2 3/speak Jasper \"{{i18n:5599025.07}}\"/emote Maru 32/faceDirection farmer 2 true/faceDirection Jasper 0/jump Jasper 5/emote farmer 60/speak Jasper \"{{i18n:5599025.08}}\"/emote farmer 20/move Maru -3 0 3/faceDirection Jasper 1/speak Jasper \"{{i18n:5599025.09}}\"/emote Maru 32/pause 1000/end",
				"Jasper_Continue_Day": "faceDirection farmer 2/move farmer 0 2 2/end dialogue Jasper \"{{i18n:5599025.10}}\""
			}
		},
		{ //10 heart event
			"LogName": "Picnic in the Woods",
			"Action": "EditData",
			"Target": "Data/Events/Woods",
			"Entries": {
				"50709933/f Jasper 2500/n Jasper_Picnic/w sunny/z winter/z fall/t 1000 1500": "woodsTheme/14 13/Jasper -100 -100 2 farmer 13 12 3/skippable/addTemporaryActor JunimoAmber 16 32 -100 -100 1 false Character/addTemporaryActor JunimoJade 16 32 -100 -100 2 false Character/addTemporaryActor JasperClothes 16 32 -100 -100 2 false Character/pause 500/faceDirection farmer 0/pause 500/emote farmer 8/pause 500/move farmer -5 0 2/pause 500/playSound junimoMeep1/pause 500/faceDirection farmer 3/warp JunimoAmber 5 11/animate JunimoAmber true false 150 4 5 6 7/pause 500/emote farmer 16/move farmer 0 -1 3/pause 500/stopAnimation JunimoAmber/jump JunimoAmber 2/playSound junimoMeep1/speed JunimoAmber 4/move JunimoAmber -3 0 2/pause 500/move JunimoAmber 2 0 1/animate JunimoAmber true false 150 4 5 6 7/pause 500/message \"{{i18n:50709933.01}}\"/pause 500/stopAnimation JunimoAmber/move JunimoAmber -2 0 3/warp JunimoAmber -100 -100/pause 500/speed farmer 3/move farmer -5 0 3/warp farmer -100 -100/globalFade/viewport -1000 -1000/changeToTemporaryMap FairyPoolPicnic/warp Jasper 27 8/warp farmer 33 13/viewport 18 14/pause 500/speak Jasper \"{{i18n:50709933.02}}\"/pause 500/move farmer -4 0 0/speak Jasper \"{{i18n:50709933.03}}\"/move farmer 0 -2 3/move farmer -1 0 3/emote farmer 20/pause 1000/speak Jasper \"{{i18n:50709933.04}}\"/faceDirection farmer 0/emote farmer 32/pause 500/move farmer 0 -2 3/move farmer -2 0 1/pause 500/speak Jasper \"{{i18n:50709933.05}}\"/pause 500/emote farmer 20/speak Jasper \"{{i18n:50709933.06}}\"/pause 500/emote farmer 32/move farmer 0 -1 3/move farmer -2 0 2/faceDirection Jasper 3/move farmer 0 2 2/swimming farmer/move farmer 0 3 2/move Jasper -3 0 2/pause 500/changeSprite Jasper Swimsuit/warp JasperClothes 25 8/pause 1000/move Jasper 0 2 2/swimming Jasper/pause 500/speak Jasper \"{{i18n:50709933.07}}\"/warp JunimoAmber 33 11/move JunimoAmber -3 0 0/warp JunimoJade 31 8/move JunimoJade 0 1 2/move Jasper 0 2 1/move farmer 1 0 3/move Jasper 0 1 1/positionOffset farmer 0 -6/pause 500/speak Jasper \"{{i18n:50709933.08}}\"/pause 1000/speak Jasper \"{{i18n:50709933.09}}\"/animate JunimoJade false true 150 24 25 26 27/animate JunimoAmber false true 150 24 25 26 27/speak Jasper \"I... well, I care for you, @. A... well... a lot...$11\"pause 1500/playSound slosh/positionOffset Jasper 2 0/pause 50/positionOffset Jasper 2 0/pause 50/positionOffset Jasper 2 0/pause 50/positionOffset Jasper 2 0/positionOffset farmer -2 0/pause 50/positionOffset Jasper 2 0/positionOffset farmer -2 0/shake JunimoJade 250/eyes 1 -10000/positionOffset Jasper 2 0/positionOffset farmer -2 2/shake JunimoAmber 250/positionOffset Jasper 2 0/positionOffset farmer -2 0/pause 50/positionOffset Jasper 2 0/positionOffset farmer -2 0/positionOffset Jasper 2 0/positionOffset farmer -2 0/playSound junimoMeep1/jump Jasper 1/jump farmer 1/faceDirection farmer 1/stopAnimation JunimoJade/stopAnimation JunimoAmber/emote JunimoAmber 16/jump JunimoJade 3/speak Jasper \"{{i18n:50709933.10}}\"/pause 500/speed JunimoAmber 5/move JunimoAmber -2 0 3 true/speed JunimoJade 5/move JunimoJade -2 0 3/playSound junimoMeep1/globalFade/viewport -1000 -1000/pause 500/speak Jasper \"{{i18n:50709933.11}}\"/pause 500/stopSwimming Jasper/stopSwimming farmer/end"
			}
		},
		{ //14 Heart Event
			"LogName": "Jasper Events",
			"Action": "EditData",
			"Target": "Data/Events/Farmhouse",
			"Entries": {
				"55990002/f Jasper 3500/e 50709933/t 600 700/L": "Of Dwarves/-1000 -1000/farmer -100 -100 3 Dwarf 39 14 0 Jasper -100 -100 1/skippable/addConversationTopic DwarfVisit 5/changeToTemporaryMap Farmhouse14/viewport -1000 -1000/addObject 39 17 102 1/showFrame Jasper 51/showFrame farmer 101/playSound doorClose/pause 1000/playSound thudStep/pause 1500/playSound wind/pause 1500/pause 500/pause 500/pause 1000/ambientLight 240 240 240/addLantern 735 40 15 2/viewport 37 16 true/emote Dwarf 40/move Dwarf -1 0 0/playSound newRecipe/move Dwarf 1 0 2/move Dwarf 0 3 2/pause 500/playSound newRecipe/emote Dwarf 8/pause 400/emote Dwarf 16/showFrame Jasper 38/pause 500/speak Jasper \"{{i18n:55990002.01}}\"/playSound woodyStep/pause 500/faceDirection Dwarf 3/pause 500/jump Dwarf 5/pause 400/emote Dwarf 28/removeSprite 39 17/speed Dwarf 5/move Dwarf 0 -3 0/playSound thudStep/jump Dwarf 5/warp Dwarf -1000 -1000/pause 500/pause 500/speak Jasper \"{{i18n:55990002.02}}\"/pause 500/pause 500/emote Jasper 12/fade/warp Jasper 39 16 0/showFrame Jasper 35/fade unfade/pause 500/emote Jasper 28/faceDirection farmer 2/pause 500/showFrame Jasper 34/speak Jasper \"{{i18n:55990002.03}}\"/warp farmer 38 16/pause 500/emote farmer 8/pause 500/speak Jasper \"{{i18n:55990002.04}}\"/pause 500/emote farmer 16/pause 500/speak Jasper \"{{i18n:55990002.05}}\"/quickQuestion {{i18n:55990002.q0}}(break)pause 500\\speak Jasper \"{{i18n:55990002.q1}}\"(break)pause 500\\speak Jasper \"{{i18n:55990002.q2}}\"(break)pause 500\\speak Jasper \"$p 5070124#{{i18n:55990002.q3}}|{{i18n:55990002.q4}}\"(break)pause 500\\emote Jasper 12\\speak Jasper \"{{i18n:55990002.q5}}\"/pause 500/speak Jasper \"{{i18n:55990002.06}}\"/pause 500/emote farmer 32/pause 1000/fade/viewport -100 -100/pause 1000/end dialogue Jasper \"{{i18n:55990002.07}}\"",
				"55990004/e 55990002/f Dwarf 25/A DwarfVisit/t 600 700/L": "sappypiano/12 16/farmer 9 14 0 Jasper -100 -100 0/skippable/pause 500/playSound woodyStep/pause 500/playSound doorOpen/pause 500/warp Jasper 12 20/faceDirection farmer 2/emote farmer 32/speak Jasper \"{{i18n:55990004.01}}\"/emote farmer 16/speed farmer 5/move farmer 3 0 2/move Jasper 0 -2 0/speak Jasper \"{{i18n:55990004.02}}\"/pause 500/move Jasper 1 0 3/speak Jasper \"{{i18n:55990004.03}}\"/addObject 12 18 102 0/pause 500/jump farmer 2/speed farmer 3/move farmer 0 3 2/pause 500/speak Jasper \"{{i18n:55990004.04}}\"/pause 500/faceDirection Jasper 0/Message \"Waep ahuaiit sapocahis opi uapchgiss, hemot sahyop, waep uetapotai obmupozgi. Ud wae uush ca itau chi cpech. Aami oc mubtuehc, utca chi Kachip's maech.\"/pause 500/speak Jasper \"{{i18n:55990004.05}}\"/pause 500/faceDirection Jasper 3/pause 500/faceDirection Jasper 0/speak Jasper \"{{i18n:55990004.06}}\"/pause 500/speak Jasper \"{{i18n:55990004.07}}\"/emote farmer 32/emote Jasper 20/pause 1000/end"
			},
			"When": {
				"HasWalletItem": "DwarvishTranslationGuide"
			}
		},
		{
			"LogName": "Jasper interactions with Dwarf and Maru",
			"Action": "EditData",
			"Target": "Data/Events/Mountain",
			"Entries": {
				"55990005/e 55990004/t 2330 2500/w sunny": "nightTime/60 7/Jasper 58 7 3 farmer 43 10 1 Dwarf -1000 -1000 2/addConversationTopic JasperMeetsDwarf 7/addMailReceived Dwarf_Friend/skippable/pause 500/move Jasper -4 0 0/pause 500/emote Jasper 28/pause 500/move Jasper -4 0 3/pause 500/shake Jasper 240/pause 500/move Jasper 4 0 0/pause 500/emote Jasper 40/pause 500/move farmer 0 -3 1/emote farmer 56/pause 500/faceDirection Jasper 3/emote Jasper 20/move farmer 7 0 1/pause 500/speak Jasper \"{{i18n:55990005.01}}\"/pause 500/emote farmer 32/pause 500/showFrame Jasper 33/pause 500/showFrame Jasper 32/pause 1500/showFrame Jasper 33/pause 500/speak Jasper \"{{i18n:55990005.02}}\"/faceDirection Jasper 0/move farmer 3 0 0/move Jasper 0 -2 0/fade/stopMusic/viewport -100 -100/warp Jasper 30 8/warp farmer 32 8/warp Dwarf 43 6/changeLocation Mine/viewport 37 8/playMusic Upper_Ambient/advancedMove Jasper false 10 0/move farmer 8 0 1/move farmer 0 1 1/pause 1500/move Dwarf 0 2 3 true/speak Dwarf \"{{i18n:55990005.03}}\"/pause 500/showFrame Jasper 4/jump Jasper 3/pause 500/emote Jasper 16/speak Jasper \"{{i18n:55990005.04}}\"/pause 500/speak Jasper \"{{i18n:55990005.05}}\"/pause 500/emote Dwarf 60/pause 500/speak Jasper \"{{i18n:55990005.06}}\"/pause 500/shake Jasper 240/move Dwarf -1 0 3/move Dwarf 0 1 3/pause 1000/faceDirection Dwarf 3/pause 500/emote Dwarf 8/pause 500/speak Dwarf \"{{i18n:55990005.07}}\"/emote farmer 28/quickQuestion {{i18n:55990005.q0}}(break)pause 500\\speak Dwarf \"{{i18n:55990005.q1}}\"(break)pause 500\\emote Jasper 12\\pause 500\\speak Jasper \"{{i18n:55990005.q2}}\"(break)pause 500\\speak Dwarf \"{{i18n:55990005.q3}}\"/pause 500/speak Jasper \"{{i18n:55990005.08}}\"/move Dwarf 0 -1 3/pause 500/speak Dwarf \"{{i18n:55990005.09}}\"/pause 500/faceDirection Dwarf 1/pause 500/emote Dwarf 40/pause 500/faceDirection Dwarf 3/playMusic sappypiano/speak Dwarf \"{{i18n:55990005.10}}\"/textAboveHead Jasper \"{{i18n:55990005.11}}\"/pause 3000/emote Dwarf 60/pause 1500/emote Jasper 40/pause 1500/speak Jasper \"{{i18n:55990005.12}}\"/speak Dwarf \"{{i18n:55990005.13}}\"/pause 500/textAboveHead Jasper \"{{i18n:55990005.14}}\"/pause 500/speak Jasper \"{{i18n:55990005.15}}\"/pause 500/faceDirection Jasper 2/faceDirection farmer 0/pause 500/speak Jasper \"{{i18n:55990005.16}}\"/faceDirection farmer 1/faceDirection Jasper 3/speak Dwarf \"{{i18n:55990005.17}}\"/jump Jasper 3/faceDirection Jasper 1/pause 500/speak Dwarf \"{{i18n:55990005.18}}\"/emote Jasper 16 true/emote farmer 16 true/speak Dwarf \"{{i18n:55990005.19}}\"/pause 500/speak Jasper \"{{i18n:55990005.20}}\"/pause 500/emote Dwarf 60/speak Dwarf \"{{i18n:55990005.21}}\"/pause 500/emote Dwarf 28/pause 500/emote Jasper 16/speak Dwarf \"{{i18n:55990005.22}}\"/emote Jasper 32/speak Jasper \"{{i18n:55990005.23}}\"/pause 500/emote Dwarf 32/pause 500/message \"{{i18n:55990005.24}}\"/pause 1000/end invisible Jasper"
			},
			"When": {
				"HasMod |contains=FlashShifter.StardewValleyExpandedCP": false
			}
		},
		{
			"LogName": "Jasper interactions with Maru",
			"Action": "EditData",
			"Target": "Data/Events/Mountain",
			"Entries": {
				"5599024/e 50709921/w sunny/z winter/d Tue Thu/t 1000 1600": "{{season}}_day_ambient/13 31/Maru -100 -100 2 Jasper 15 40 0 farmer -100 -100 0/addConversationTopic Jasper_Bionic 7/skippable/move Jasper 0 -2 0/pause 500/emote Jasper 12/pause 500/move Jasper 0 -2 0/shake Jasper 500/pause 500/speak Jasper \"{{i18n:5599024.1}}\"/pause 500/move Jasper 0 -2 0/shake Jasper 500/pause 500/speak Jasper \"{{i18n:5599024.2}}\"/move Jasper 0 -2 0/pause 500/playSound doorOpen/warp Maru 12 26/shake Jasper 500/jump Maru 5/pause 500/speed Maru 5/move Maru 0 6 1/move Maru 2 0 1/faceDirection Jasper 3/speak Maru \"{{i18n:5599024.3}}\"/pause 500/shake Jasper 300/textAboveHead Jasper \"{{i18n:5599024.4}}\"/pause 500/speak Jasper \"{{i18n:5599024.5}}\"/speak Maru \"{{i18n:5599024.6}}\"/pause 500/emote Jasper 28/speak Jasper \"{{i18n:5599024.7}}\"/speak Maru \"{{i18n:5599024.8}}\"/pause 500/emote Jasper 40/speak Jasper \"{{i18n:5599024.9}}\"/speak Maru \"{{i18n:5599024.10}}\"/textAboveHead Jasper \"{{i18n:5599024.11}}\"/speak Maru \"{{i18n:5599024.12}}\"/faceDirection Maru 0/faceDirection Jasper 0/positionOffset Jasper -8 0 0/emote Jasper 32/pause 1500/end dialogue Jasper \"{{i18n:5599024.13}}\""
			}
		},
		{
			"LogName": "Jasper talks about fish",
			"Action": "EditData",
			"Target": "Data/Events/BigRoom",
			"When": {
				"HasMod": "Gervig91.StardewAquariumCP"
			},
			"Entries": {
				"5599039/Hn AquariumDonated:RainbowTrout/{{TriggerEvent}}/f Jasper 500": "50s/45 9/Jasper 53 9 0 farmer 37 11 1/skippable/move farmer 10 0 1/emote farmer 32/faceDirection Jasper 3/emote Jasper 32/move farmer 5 0 0/faceDirection Jasper 2/move farmer 0 -2 1/faceDirection Jasper 3/speak Jasper \"{{i18n:5599039.01}}\"/emote farmer 8/pause 500/faceDirection Jasper 0/faceDirection farmer 0/speak Jasper \"{{i18n:5599039.02}}\"/faceDirection Jasper 3/faceDirection farmer 1/speak Jasper \"{{i18n:5599039.03}}\"/jump farmer 4/emote farmer 16/pause 1500/faceDirection Jasper 0/pause 1000/faceDirection Jasper 3/speak Jasper \"{{i18n:5599039.04}}\"/emote farmer 56/faceDirection Jasper 0/faceDirection farmer 0/pause 2000/end"
			}
		},
		{
			"LogName": "GingerIsland Events",
			"Action": "EditData",
			"Target": "Data/Events/IslandSouth",
			"Entries": {
				"5599052/p Jasper": "IslandMusic/17 11/Jasper 18 11 0 farmer 10 18 0 {{PSnail}} -100 -100 0/skippable/move farmer 0 -4 1 true/move Jasper 0 -4 0 true/pause 2000/faceDirection Jasper 3/pause 500/emote farmer 8/faceDirection Jasper 1/pause 500/faceDirection Jasper 2/pause 500/faceDirection Jasper 0/emote Jasper 40/pause 1000/move farmer 3 0 1/move Jasper 0 -4 0 true/move farmer 4 0 0 true/pause 3000/warp Jasper -100 -100/message \"{{i18n:5599052.01}}\"/pause 2000/fade/viewport -1000 -1000/changeLocation IslandNorth/viewport -1000 -1000/warp Jasper 39 32 true/warp farmer -100 -100 true/warp {{PSnail}} 41 37/viewport 40 33/pause 1000/move {{PSnail}} 0 -5 0 true/textAboveHead {{PSnail}} \"{{i18n:5599052.02}}\"/pause 1000/faceDirection Jasper 1/speak Jasper \"{{i18n:5599052.03}}\"/faceDirection {{PSnail}} 3/textAboveHead {{PSnail}} \"{{i18n:5599052.04}}\"/pause 500/warp farmer 40 47/speak {{PSnail}} \"{{i18n:5599052.05}}\"/move farmer 0 -14 0 true/pause 1000/faceDirection Jasper 0/pause 500/emote {{PSnail}} 40/pause 1000/speak {{PSnail}} \"{{i18n:5599052.06}}\"/pause 500/faceDirection Jasper 1/speak Jasper \"{{i18n:5599052.07}}\"/pause 500/emote {{PSnail}} 16/jump {{PSnail}} 3/pause 1000/speak {{PSnail}} \"{{i18n:5599052.08}}\"/pause 1000/speak Jasper \"{{i18n:5599052.09}}\"/speak {{PSnail}} \"{{i18n:5599052.10}}\"/faceDirection {{PSnail}} 0/speak {{PSnail}} \"{{i18n:5599052.11}}\"/pause 1000/emote {{PSnail}} 40/faceDirection {{PSnail}} 3/speak {{PSnail}} \"{{i18n:5599052.12}}\"/pause 500/faceDirection Jasper 0/faceDirection {{PSnail}} 0/speak {{PSnail}} \"{{i18n:5599052.13}}\"/pause 100/emote Jasper 16/speak {{PSnail}} \"{{i18n:5599052.14}}\"/speak Jasper \"{{i18n:5599052.15}}\"/emote Jasper 40/pause 1000/end"
			}
		},
		// M A I L
		{
			"Action": "EditData",
			"Target": "Data/mail",
			"Entries": {
				"Jasper_Peasbody1": "{{i18n:Jasper_Peasbody1}}",
				"Jasper_Home": "{{i18n:Jasper_Home}}",
				"Jasper_Home1": "{{i18n:Jasper_Home1}}",
				"Jasper_HomeA": "{{i18n:Jasper_HomeA}}",
				"Jasper_Picnic": "{{i18n:Jasper_Picnic}}[#]Invitation to a picnic",
				"Jasper_LoveLetter": "{{i18n:Jasper_LoveLetter}}",
				"Gunther_Letter": "{{i18n:Gunther_Letter}}",
				"Gunther_Letter2": "{{i18n:Gunther_Letter2}}",
				"Jasper_BabyArrives": "{{i18n:Jasper_BabyArrives}}",
				"Jasper_BabyCrawling": "{{i18n:Jasper_BabyCrawling}} ",
				"Jasper_Todd": "{{i18n:Jasper_Todd}}",
				"Parent_Letter": "{{i18n:Parent_Letter}}",
				"Parent_Letter2": "{{i18n:Parent_Letter2}}",
				"Parent_Letter3": "{{i18n:Parent_Letter3}}"
			}
		},
		{
			"Action": "EditData",
			"Target": "Data/mail",
			"Entries": {
				"Jasper_HomeB": "{{i18n:Jasper_HomeB_Host}}"
			},
			"When": {
				"IsMainPlayer": true
			}
		},
		{
			"Action": "EditData",
			"Target": "Data/mail",
			"Entries": {
				"Jasper_HomeB": "{{i18n:Jasper_HomeB_Hand}}"
			},
			"When": {
				"IsMainPlayer": false
			}
		},
		//M A P   C H A N G E S
		//Archaeology House interior changes
		{
			"Action": "EditMap",
			"Target": "Maps/ArchaeologyHouse",
			"FromFile": "assets/Maps/ArchaeologyHouse-staircaseKIM.tmx",
			"ToArea": {
				"X": 37,
				"Y": 0,
				"Width": 6,
				"Height": 5
			},
			"When": {
				"HasMod |contains=Karmylla.ImmersiveMaps": true
			}
		},
		{
			"Action": "EditMap",
			"Target": "Maps/ArchaeologyHouse",
			"FromFile": "assets/Maps/ArchaeologyHouse-staircase.tmx",
			"ToArea": {
				"X": 38,
				"Y": 0,
				"Width": 5,
				"Height": 5
			},
			"When": {
				"HasMod |contains=Karmylla.ImmersiveMaps": false
			}
		},
		{
			"Action": "EditMap",
			"Target": "Maps/ArchaeologyHouse",
			"TextOperations": [
				{
					"Operation": "Append",
					"Target": [
						"MapProperties",
						"Warp"
					],
					"Value": "41 0 Custom_LK_Museum2 19 18",
					"Delimiter": " "
				}
			]
		},
		{
			"Action": "EditMap",
			"Target": "Maps/Mountain",
			"FromFile": "assets/Maps/Mountain_BridgeFix.tmx",
			"ToArea": {
				"X": 46,
				"Y": 7,
				"Width": 4,
				"Height": 1
			}
		},
		//Strings from Maps
		{
			"LogName": "Strings from Maps",
			"Action": "Include",
			"FromFile": "assets/StringsFromMaps.json"
		},
		{ //sets up the filing Cabinet (not that I imagine anyone visits it)
			"Action": "EditMap",
			"Target": "Maps/Custom_LK_Museum2",
			"MapTiles": [
				{
					"Position": {
						"X": 6,
						"Y": 16
					},
					"Layer": "Buildings",
					"SetProperties": {
						"Action": "Message \"FilingCabinet.{{day}}\""
					}
				}
			],
			"When": {
				"HasSeenEvent": "50709927"
			}
		},
		{
			"LogName": "Gives SNail's Book a title",
			"Action": "EditMap",
			"Target": "Maps/IslandFieldOffice",
			"MapTiles": [
				{
					"Position": {
						"X": 7,
						"Y": 5
					},
					"Layer": "Buildings",
					"SetProperties": {
						"Action": "Say It's a water-damaged and battered copy of M. Jasper's 'Famous Journeys'"
					}
				}
			]
		},
		{ //Makes Jasper more accessible during Wednesdays so you can actually talk to him
			"LogName": "Remove Bear from Archaeology House",
			"Action": "EditMap",
			"Target": "Maps/ArchaeologyHouse",
			"MapTiles": [
				{
					"Position": {
						"X": 20,
						"Y": 9
					},
					"Layer": "Buildings",
					"Remove": true
				}
			],
			"When": {
				"HasFlag:hostPlayer |contains=Jasper_Penny": true,
				"DayOfWeek": "Wednesday"
			}
		},
		{
			"Action": "Load",
			"Target": "Maps/FarmCave",
			"FromFile": "assets/Maps/FarmCaveJasper.tmx",
			"When": {
				"HasMod": "DaisyNiko.Tilesheets",
				"HasMod |contains=flashshifter.immersivefarm2remastered,DaisyNiko.UltimateFarm,DaisyNiko.SurvivalIslandBeach,zander.immersivefarm2": false,
				"FarmCaveChange": true
			}
		},
		//M A R R I A G E   A N D   C H I L D R E N
		{
			"LogName": "Marriage and Children",
			"Action": "Include",
			"FromFile": "assets/Includes/Marriage.json",
			"When": {
				"JasperSpouse": "true"
			}
		},
		//M O V I E S
		{
			"LogName": "Movies",
			"Action": "Include",
			"FromFile": "assets/Includes/Movies.json"
		},
		{ //Adds Gunther and Marlon as characters plus some other compatibility stuff	
			"LogName": "Gunther, Marlon and more",
			"Action": "Include",
			"FromFile": "assets/Includes/GuntherMarlon.json"
		},
		{
			"LogName": "Dwarf",
			"Action": "Include",
			"FromFile": "assets/Includes/Dwarf.json"
		},
		{ //Adds Cameron as an NPC
			"LogName": "Brings in Cameron",
			"Action": "Include",
			"FromFile": "assets/Includes/Cameron.json",
			"When": {
				"HasSeenEvent": "50709920",
				"HasMod": "LemurKat.EastScarpe.CP",
				"PlayerName": "Isla"
			}
		},
		/*{
			"LogName": "Snail",
			"Action": "Include",
			"FromFile": "assets/Includes/Snail.json",
			"When": {
				"hasFlag": "fieldOfficeFinale",
				"PlayerName": "Isla"
			}
		},*/
		{
			"Action": "EditMap",
			"Target": "Maps/Island_FieldOffice",
			"FromFile": "assets/Maps/Island_FieldOffice_patch.tmx",
			"ToArea": {
				"X": 7,
				"Y": 5,
				"Width": 1,
				"Height": 1
			}
		},
		//C O M P A T I B I L I T Y
		{
			"Action": "EditData",
			"Target": "Characters/schedules/Eve",
			"Entries": {
				"Wed": "800 ArchaeologyHouse 17 9 2 eve_read/1400 Town 87 100 2/1620 Town 17 91 3/1750 Forest 92 21 3/1830 House1AC 6 12 1 eve_sleep"
			},
			"When": {
				"HasSeenEvent": "55990006"
			}
		},
		{
			"Action": "EditData",
			"Target": "Characters/schedules/Penny",
			"Entries": {
				"Wed": "800 ArchaeologyHouse 21 11 2 penny_read/1230 ArchaeologyHouse 20 9 0/1400 Town 88 100 2/1620 Town 17 90 3 penny_wave_left/1750 Forest 92 20 3 penny_wave_left/1830 House1AC 20 5 1 penny_sleep"
			},
			"When": {
				"HasSeenEvent |contains=55990006": true, //Event where Jasper offers to teach the kids
				"HasSeenEvent |contains=59020025": true, //Event where Sam and Penny get married (this event will happen even if you don't have the kids option on for Penny and Sam)
				"HasMod": "nraittanna.LifeCycleAthanaeriMap"
			}
		},
		/*{	// Unused event
            "Action": "EditData",
            "Target": "Data/Events/Farm",
            "Entries": {
                "55991001/e 50709930/k 50709921/f Jasper 2000": "continue/64 15/farmer 64 16 2/addTemporaryActor Cameron 16 32 64 18 0 true Character/skippable/pause 1500/speak Cameron \"Oh hi there! Can you help me, please?#$b#I've just arrived from Zuzu City, come to visit an old friend... and I'm lost.$2\"/emote farmer 8/pause 1000/speak Cameron \"Oh, sorry! My name's Peasbody, Professor Cameron Peasbody.$1#$b#Could you point me in the direction of the museum?$2\"/pause 500/emote farmer 16/pause 1000/question fork0 \"...#Follow the path into town, it's just over the stream.#You should go back to Zuzu. We don't want you here.\"/fork HelpCameron/pause 500/addMailReceived Cameron_Unwelcome/emote Cameron 60/pause 1500/speak Cameron \"I thought village folk were meant to be friendly.$5\"/pause 500/emote farmer 12/pause 2500/faceDirection farmer 0/warp farmer -100 -100/playSound doorClose/viewport 61 16/pause 1000/emote Cameron 28/pause 500/faceDirection Cameron 2/speak Cameron \"Okay... I suppose I deserved that.$2#$b#But...$2\"/pause 1000/faceDirection Cameron 0/pause 1500/speak Cameron \"This might be harder than I thought...$2\"/pause 2000/end",
                "HelpCameron": "pause 500/speak Cameron \"Thanks! I'll see you around; I hope to be here for a while.$1\"/pause 500/faceDirection Cameron 2/pause 1500/faceDirection Cameron 0/speak Cameron \"Oh, hey, I hear there's a saloon in town. We could meet up for a drink there sometime.#$b#If you wanted to, that is?$2\"/pause 500/emote farmer 40/pause 1500/speak Cameron \"Hey, no need to answer now. Don't be a stranger, okay? Later!\"/pause 1500/faceDirection Cameron 2/pause 1500/end"
            }
        },*/
		{
			"LogName": "Special Orders",
			"Action": "Include",
			"FromFile": "assets/Includes/SpecialOrders.json"
		},
		{
			"LogName": "Blanche Compatibility",
			"Action": "Include",
			"FromFile": "assets/Includes/Blanche.json",
			"When": {
				"HasMod |contains=MIDI.Blanche": true
			}
		},
		{
			"LogName": "Museum Expansion Compatibility",
			"Action": "Include",
			"FromFile": "assets/Includes/MuseumExp.json",
			"When": {
				"HasMod|contains=andril11.charlie, andril11.charlie.CP": true
			}
		},
		{
			"LogName": "SVE Compatibility",
			"Action": "Include",
			"FromFile": "assets/Includes/SVE.json",
			"When": {
				"HasMod |contains=FlashShifter.StardewValleyExpandedCP": true
			}
		},
		{ //edits in additional dialogue and/or translations
			"LogName": "Additional Dialogue",
			"Action": "Include",
			"FromFile": "assets/Translations/{{Language}}/dialogue.json",
			"When": {
				"HasFile:{{FromFile}}": true
			}
		}
	]
}