{
    "Changes": [

       //Egg Festival
       {
        "Action": "EditData",
        "Target": "Data/Festivals/spring13",
        "TextOperations": [
            {
                "Operation": "Append",
                "Target": [
                    "Entries",
                    "Set-Up_additionalCharacters"
                ],
                "Value": "MisterGinger 19 71 2",
                "Delimiter": "/"
            },
            {
                "Operation": "Append",
                "Target": [
                    "Entries",
                    "MainEvent_additionalCharacters"
                ],
                "Value": "MisterGinger 47 71 2",
                "Delimiter": "/"
            }
        ]
    },

    //FLower Dance 
    {
        "Action": "EditData",
        "Target": "Data/Festivals/spring24",
        "TextOperations": [
            {
                "Operation": "Append",
                "Target": [
                    "Entries",
                    "Set-Up_additionalCharacters"
                ],
                "Value": "MisterGinger 19 20 2",
                "Delimiter": "/"
            },
            {
                "Operation": "Append",
                "Target": [
                    "Entries",
                    "MainEvent_additionalCharacters"
                ],
                "Value": "MisterGinger 8 30 0",
                "Delimiter": "/"
            }
        ]
    },
      //Luau
      {
        "Action": "EditData",
        "Target": "Data/Festivals/summer11",
        "TextOperations": [
            {
                "Operation": "Append",
                "Target": [
                    "Entries",
                    "Set-Up_additionalCharacters"
                ],
                "Value": "MisterGinger 32 34 2",
                "Delimiter": "/"
            },
            {
                "Operation": "Append",
                "Target": [
                    "Entries",
                    "MainEvent_additionalCharacters"
                ],
                "Value": "MisterGinger 24 28 3",
                "Delimiter": "/"
            }
        ]
    },

//Moonlight Jellies
{
    "Action": "EditData",
    "Target": "Data/Festivals/summer28",
    "TextOperations": [
        {
            "Operation": "Append",
            "Target": [
                "Entries",
                "Set-Up_additionalCharacters"
            ],
            "Value": "MisterGinger 24 28 3",
            "Delimiter": "/"
        }
    ],
    "When": {
        "HasMod |contains=FlashShifter.StardewValleyExpandedCP": false
    }
},

    //Fair
    {
        "Action": "EditData",
        "Target": "Data/Festivals/fall16",
        "TextOperations": [
            {
                "Operation": "Append",
                "Target": [
                    "Entries",
                    "Set-Up_additionalCharacters"
                ],
                "Value": "MisterGinger 41 86 1",
                "Delimiter": "/"
            }
        ],
        "When": {
            "HasMod |contains=FlashShifter.StardewValleyExpandedCP": false
        }
    },
    //Fair
    {
        "Action": "EditData",
        "Target": "Data/Festivals/fall16",
        "TextOperations": [
            {
                "Operation": "Append",
                "Target": [
                    "Entries",
                    "Set-Up_additionalCharacters"
                ],
                "Value": "MisterGinger 42 87 1",
                "Delimiter": "/"
            }
        ],  "When": {
            "HasMod |contains=FlashShifter.StardewValleyExpandedCP": true
        }
    },

//Spirit's Eve
{
    "Action": "EditData",
    "Target": "Data/Festivals/fall27",
    "TextOperations": [
        {
            "Operation": "Append",
            "Target": [
                "Entries",
                "Set-Up_additionalCharacters"
            ],
            "Value": "MisterGinger 18 52 left",
            "Delimiter": "/"
        }
    ],
    "When": {
        "HasMod |contains=FlashShifter.StardewValleyExpandedCP": false
    }
},
 //Ice Festival
 {
    "Action": "EditData",
    "Target": "Data/Festivals/winter8",
    "TextOperations": [
        {
            "Operation": "Append",
            "Target": [
                "Entries",
                "Set-Up_additionalCharacters"
            ],
            "Value": "MisterGinger 11 45 0",
            "Delimiter": "/"
        }
    ],
    "When": {
        "HasMod |contains=FlashShifter.StardewValleyExpandedCP": false
    }
},
{
    "Action": "EditData",
    "Target": "Data/Festivals/winter8",
    "TextOperations": [
        {
            "Operation": "Append",
            "Target": [
                "Entries",
                "Set-Up_additionalCharacters"
            ],
            "Value": "MisterGinger 88 32 2",
            "Delimiter": "/"
        }
    ],
    "When": {
        "HasMod |contains=FlashShifter.StardewValleyExpandedCP": true
    }
},
  //Winter Star
  {
    "Action": "EditData",
    "Target": "Data/Festivals/winter25",
    "TextOperations": [
        {
            "Operation": "Append",
            "Target": [
                "Entries",
                "Set-Up_additionalCharacters"
            ],
            "Value": "MisterGinger 28 48 2",
            "Delimiter": "/"
        }
    ],
    "When": {
        "HasMod |contains=FlashShifter.StardewValleyExpandedCP": false
    }
},
{
    "Action": "EditData",
    "Target": "Data/Festivals/winter25",
    "TextOperations": [
        {
            "Operation": "Append",
            "Target": [
                "Entries",
                "Set-Up_additionalCharacters"
            ],
            "Value": "MisterGinger 31 65 2",
            "Delimiter": "/"
        }
    ],
    "When": {
        "HasMod |contains=FlashShifter.StardewValleyExpandedCP": true
    }
}
    ]
}
