{
    "Changes": [
        {
            "Action": "EditData",
            "Target": "Data/ObjectContextTags",
            "TextOperations": [
                // Adding roommate proposal code to any legendary fish
                {
                    "Operation": "Append",
                    "Target": [
                        "Entries",
                        "Angler"
                    ],
                    "Value": "propose_roommate_misterginger",
                    "Delimiter": ", "
                },
                {
                    "Operation": "Append",
                    "Target": [
                        "Entries",
                        "Legend"
                    ],
                    "Value": "propose_roommate_misterginger",
                    "Delimiter": ", "
                },
                {
                    "Operation": "Append",
                    "Target": [
                        "Entries",
                        "Crimsonfish"
                    ],
                    "Value": "propose_roommate_misterginger",
                    "Delimiter": ", "
                },
                {
                    "Operation": "Append",
                    "Target": [
                        "Entries",
                        "Mutant Carp"
                    ],
                    "Value": "propose_roommate_misterginger",
                    "Delimiter": ", "
                },
                {
                    "Operation": "Append",
                    "Target": [
                        "Entries",
                        "Glacierfish"
                    ],
                    "Value": "propose_roommate_misterginger",
                    "Delimiter": ", "
                },
                {
                    "Operation": "Append",
                    "Target": [
                        "Entries",
                        "Ms. Angler"
                    ],
                    "Value": "propose_roommate_misterginger",
                    "Delimiter": ", "
                },
                {
                    "Operation": "Append",
                    "Target": [
                        "Entries",
                        "Son of Crimsonfish"
                    ],
                    "Value": "propose_roommate_misterginger",
                    "Delimiter": ", "
                },
                {
                    "Operation": "Append",
                    "Target": [
                        "Entries",
                        "Legend II"
                    ],
                    "Value": "propose_roommate_misterginger",
                    "Delimiter": ", "
                },
                {
                    "Operation": "Append",
                    "Target": [
                        "Entries",
                        "Radioactive Carp"
                    ],
                    "Value": "propose_roommate_misterginger",
                    "Delimiter": ", "
                },
                {
                    "Operation": "Append",
                    "Target": [
                        "Entries",
                        "Glacierfish Jr."
                    ],
                    "Value": "propose_roommate_misterginger",
                    "Delimiter": ", "
                },
            ]
        },
        {
            "Action": "EditData",
            "Target": "Strings/StringsFromCSFiles",
            "Entries": {
                "MisterGinger_EngagedRoommate": "Fish and cheese for the rest of my life? Sure, count me in!#$b#Just got a few affairs to set in order first! Give me a few days.$1"
            }
        },
        {
            "Action": "EditData",
            "Target": "Strings/Characters/MisterGinger",
            "Entries": {
                "MovieInvite_NoTheater": "Nope, not in the mood. Maybe another day. What? I like to leave my options open, okay?"
            }
        },
        //Spouse Room
        {
            "Action": "EditData",
            "Target": "Data/SpouseRooms",
            "Entries": {
                "MisterGinger": "Lemurkat_MrGinger_SpouseRoom/0"
            }
        },
        {
            "Action": "Load",
            "Target": "Maps/Lemurkat_MrGinger_SpouseRoom",
            "FromFile": "assets/SpouseRoomMrGingerRev.tmx",
            "When":{"HasSeenEvent |contains=5295000": false}
        }
    ]
}