﻿{
    "Name": "MoonFlower",
    "Product": 797,
    "SeedName": "MoonFlower Seeds",
    "SeedDescription": "Plant in any season to produce a beautiful pearl. Takes a full season to mature, and will produce another every season.",
    "Type": "Flower",
    "CropType": "Paddy",
    "Seasons": ["spring", "summer", "fall", "winter"],
    "Phases": [3,3,5,8,9],
    "RegrowthPhase": 28,
    "HarvestWithScythe": false,
    "TrellisCrop": false,
    "Colors": null,
  
    "CanPurchase": true,
	"SeedPurchasePrice": 1000,
	"SeedPurchaseFrom": "NOTSOLDATVENDOR",
	"SeedPurchaseRequirements": null,
   
    "ContextTags": [
        
        "season_summer",
        
        "seed_item"
    ],
    "NameLocalization":
	{
		/*to be added in*/
		"ko": "달맞이 꽃",
		"zh": "月光花",
	},
	"SeedNameLocalization":
	{
		/*to be added in*/
		"ko": "달맞이 꽃 씨앗",
		"zh": "月光花种子",
	},
	"SeedDescriptionLocalization":
	{
		/*to be added in*/
		"ko": "모든 계절에 심을 수 있다. 다 자라는 데에는 총 28일이 소요되고, 매 계절마다 아름다운 진주를 수확할 수 있다. ",
		"zh": "任意季节都可种植，产出漂亮的珍珠。需要一整个季度才能成熟，每个季节都会生出一颗珍珠。",
	}
}