{
  "ambient_Farm_Jasper": "How fascinating...",
  "ambient_Blacksmith_Jasper": "Hello Clint.",
  "ambient_Blacksmith_Jasper~1": "Greetings Clint!",
  "ambient_Town_Jasper": "Where are we going?",
  "ambient_Forest_Jasper": "Ah, it's so peaceful.",
  "ambient_Woods_Jasper": "Be careful.",
  "ambient_Woods_Jasper~1": "There's magic here.",
  "ambient_Mine_Jasper": "I'm not sure about this...",
  "ambient_Mine_Jasper~1": "We must be careful.",
  "ambient_UndergroundMine_Jasper": "Keep an eye out for gemstones.",
  "ambient_UndergroundMine_Jasper~1": "I thought I heard something.",
  "ambient_UndergroundMine_Jasper~2": "I don't like this, {0}",
  "ambient_Desert_Jasper": "Should we visit the trader?",
  "ambient_Mountain_Jasper": "Ah, the fresh mountain air.",
  "ambient_Railroad_Jasper": "Perhaps we could soak here afterwards?",
  "ambient_Beach_Jasper": "Ah, the ocean air.",
  "ambient_BugLand_Jasper": "Be careful!",
  "ambient_SkullCave_Jasper": "I don't like this, {0}",
  "ambient_Sewer_Jasper": "...there's someone here.",
  "ambient_WizardHouse_Jasper": "Greetings Rasmodius!",
  "fight_Jasper": "Oh, get back!",
  "fight_Jasper~1": "Die foul fiend.",
  "fight_Jasper~2": "I don't like this...",
  "fight_Jasper~3": "Got you!",
  "fight_Jasper~4": "Be careful!",
  "fight_Jasper~5": "Watch out!"
}