{
	"Name": "Cerulean Nudibranch",
	"Description": "A delicate sea slug.",
	"Category": "Fish",
	"Edibility": 20,
	"EdibleIsDrink": false,
	"EdibleBuffs": null,
	"Price": 220,
	"IsColored": false,
	"GiftTastes":
	{
		"Love": ["Demetrius", "Vincent", "Wizard"],
		"Like": ["Maru"]
	},
	"NameLocalization":
	{
		/*to be added in*/
		"ko": "짙은 청색 갯민숭달팽이",
		"zh": "蓝色海蛞蝓",
	},
	"DescriptionLocalization":
	{
		/*to be added in*/
		"ko": "바닷물에서 서식하는 연약한 민달팽이의 한 종류입니다.",
		"zh": "一条漂亮的海蛞蝓。",
	},
	"CategoryLocalization":
	{
		/*to be added in*/
		"ko": "물고기",
		"zh": "鱼",
	}
}