{
    "Changes": [
        {
            "LogName": "FirstChild schedules",
            "Action": "EditData",
            "Target": "Characters/schedules/{{Loe2run.ChildToNPC/FirstChildName}}",
            "Entries": {
                "winter_15": "730 BusStop 4 22 3 \"Strings\\schedules\\{{spouse}}:kid1_nm1\"/930 Town 14 16 1 \"Strings\\schedules\\{{spouse}}:kid1_To1\"/1150 Town 15 18 2/1200 ArchaeologyHouse 5 10 0 \"Strings\\schedules\\{{spouse}}:kid1_Ar1\"/1440 ArchaeologyHouse 11 11 1 child_sit/1600 Beach 41 22 square_5_5 \"Strings\\schedules\\{{spouse}}:kid1_nm2\"/1800 Beach 39 24 2 \"Strings\\schedules\\{{spouse}}:kid1_nm2\"/1900 BusStop -1 23 3",
                "winter_16": null,
                "Mon": "730 BusStop 4 22 3 \"Strings\\schedules\\{{spouse}}:kid1_nm1\"/930 Town 14 16 1 \"Strings\\schedules\\{{spouse}}:kid1_To1\"/1150 Town 15 18 2/1200 ArchaeologyHouse 5 10 0 \"Strings\\schedules\\{{spouse}}:kid1_Ar1\"/1440 ArchaeologyHouse 11 11 1 child_sit/1600 Beach 47 24 square_4_2/1800 Beach 39 24 2/1900 BusStop -1 23 3",
                "Wed": "730 Town 98 92 3 \"Strings\\schedules\\{{spouse}}:kid1_school2\"/1030 ArchaeologyHouse 19 12 3/1400 Town 83 98 3/1620 Town 88 103 2/1830 BusStop -1 23 3",
                "Thu": null,
                "Fri": "730 Town 98 92 3 \"Strings\\schedules\\{{spouse}}:kid1_school1\"/1030 ArchaeologyHouse 19 12 3/1400 Town 83 98 3/1620 Town 17 90 3/1740 SamHouse 3 5 2/1930 BusStop -1 23 3",
                "Sat": null,
                "Sun": null,
                "summer_11": "730 Town 56 97 1 \"Strings\\schedules\\{{spouse}}:marriage_luau\"/1300 Beach 35 4 2/2000 BusStop -1 23 3 ",
            }
        },
        { //Winter Market
            "Action": "EditData",
            "Target": "Characters/schedules/{{spouse}}",
            "Entries": {
                "marriage_Mon": "730 BusStop 3 22 1 \"Strings\\schedules\\{{spouse}}:marriage_kinm1\"/930 Town 15 14 2 \"Strings\\schedules\\{{spouse}}:marriage_{{Random:ki1, ki2, ki3}}\"/1200 ArchaeologyHouse 4 10 0 \"Strings\\schedules\\{{spouse}}:marriage_{{Random:ki4, ki5, ki6}}\"/1440 ArchaeologyHouse 11 10 2 {{spouse}}_read/1600 Beach 45 22 2/1800 Beach 38 24 2/1900 BusStop -1 23 3",
                "marriage_Wed": "730 Town 97 92 1/1030 ArchaeologyHouse 18 9 2 \"Strings\\schedules\\{{spouse}}:marriage_AM1\"/1400 ArchaelogyHouse 4 10 0\"/1550 Town 83 97 3/1620 Town 87 103 2/1830 BusStop -1 23 3",
                "marriage_Fri": "730 Town 97 92 1/1000 Mountain 45 8 1/1300 Mine 42 7 1 \"Strings\\schedules\\{{spouse}}:marriage_Dw1\"/1600 SamHouse 4 5 3/1930 BusStop -1 23 3",
                "marriage_summer_11": "730 Town 56 96 3 \"Strings\\schedules\\{{spouse}}:marriage_luau\"/1300 Beach 36 4 2/2000 BusStop -1 23 3 ",
                "marriage_winter_15": "730 BusStop 3 22 1 \"Strings\\schedules\\{{spouse}}:marriage_kinm1\"/930 Town 15 14 2 \"Strings\\schedules\\{{spouse}}:marriage_{{Random:ki1, ki2, ki3}}\"/1200 ArchaeologyHouse 4 10 0 \"Strings\\schedules\\{{spouse}}:marriage_{{Random:ki4, ki5, ki6}}\"/1440 ArchaeologyHouse 11 10 2 {{spouse}}_read/1600 Beach 38 24 2 \"Strings\\schedules\\{{spouse}}:marriage_kinm2\"/1900 BusStop -1 23 3"
            }
        },
        {
            "LogName": "SecondChild schedules",
            "Action": "EditData",
            "Target": "Characters/schedules/{{Loe2run.ChildToNPC/SecondChildName}}",
            "Entries": {
                "winter_15": "730 BusStop 3 23 0 \"Strings\\schedules\\{{spouse}}:kid2_nm1\"/930 Town 16 11 1 square_3_3 \"Strings\\schedules\\{{spouse}}:kid2_To1\"/1150 Town 14 18 2/1200 ArchaeologyHouse 3 10 0 \"Strings\\schedules\\{{spouse}}:kid2_Ar1\"/1440 ArchaeologyHouse 11 12 3 child_sit_R/1600 Beach 42 22 square_5_5 \"Strings\\schedules\\{{spouse}}:kid2_nm2\"/1800 Beach 37 24 2 /1900 BusStop -1 23 3",
                "winter_16": null,
                "Mon": "730 BusStop 3 23 0 \"Strings\\schedules\\{{spouse}}:kid2_adv1\"/930 Town 16 11 1 square_3_3 \"Strings\\schedules\\{{spouse}}:kid2_To1\"/1150 Town 14 18 2/1200 ArchaeologyHouse 3 10 0 \"Strings\\schedules\\{{spouse}}:kid2_Ar1\"/1440 ArchaeologyHouse 12 11 3 child_sit_R/1600 Beach 47 24 square_4_2/1800 Beach 37 24 2/1900 BusStop -1 23 3",
                "Wed": "730 Town 98 92 3 \"Strings\\schedules\\{{spouse}}:kid1_school2\"/1030 ArchaeologyHouse 19 12 3/1400 Town 83 98 3/1620 Town 88 103 2/1830 BusStop -1 23 3",
                "Thu": null,
                "Fri": "730 Town 98 92 3 \"Strings\\schedules\\{{spouse}}:kid1_school1\"/1030 ArchaeologyHouse 19 12 3/1400 Town 83 98 3/1620 Town 17 90 3/1740 SamHouse 3 5 2/1930 BusStop -1 23 3",
                "Sat": null,
                "Sun": null,
                "summer_11": "730 Town 57 97 3 \"Strings\\schedules\\{{spouse}}:marriage_luau\"/1300 Beach 37 4 2/2000 BusStop -1 23 3"
            }
        },
        {
            "Action": "Include",
            "FromFile": "assets/{{spouse}}/CommunityCenter.json",
            "When": {
                "HasMod": "LemurKat.CommunityCenter.CP",
                "CommunityCenterSchool": true,
                "HasSeenEvent": "191393"
            }
        },
    ]
}