{
	"Changes": [
		// I have set up some tokens to allow the game to fill in the blanks, so to speak. Anything in {{ }} is subsituted to a definition from the main page.
		// for example: {{PlyerTitle}} makes the child use whatever the player hsd decided they want the kids to call them (in my case, Mummy).
		// {{kidName1}} and {{kidName2}} use the children's names respectively (so Jack and Autumn).
		// Others include: {{Kid1_he_she}}, {{Kid1_him_her}}, {{Kid1_he_she}}, {{Kid1_brother_sister}}, {{Kid1_boy_girl}} which they will substitute with the appropriate one of the pair based on the children's gender
		// Can also substitude {{Kid2_he_she}} to use whichever is appropriate for Kid2.
		// If you just want to go with Jack = Kid1 and Autumn = Kid2 and use pronouns accordingly, that's fine too! This way just allows me to share the pack and for it to work for other people.
		{
			"LogName": "FirstChild Dialogue",
			"Action": "EditData",
			"Target": "Characters/Dialogue/{{Loe2run.ChildToNPC/FirstChildName}}",
			"Entries": {
				//generic weekly dialogue, this will show up if nothing else is set for the season. We do not have a spring season key because this will become spring.
				// Basic key is <season> or <season>_<DayOfWeek>
				"Mon": "$c 0.5#Today's Monday! I know that. I'm smart.#Dada's taking us to the playground today! It's gonna be so much fun!$1",
				"Tue": "I drawed you a picture, {{PlayerTitle}}$4#Can't you tell? It's %pet!",
				"Wed": "Can we go to the playground today? I wanna play on the slide and swing on the swings.#$b#Dada pushes so hard, it's like flying!",
				"Thu": "Miss Penny's gonna take us on a field trip tomorrow.#$b#I dunno what that means though. We've fields, I don't gotta go anywhere to see them!",
				"Fri": "I've been learning the alphabet song, wanna hear it?#$b#A-B-C-D-EFG-H-I... Oh, I forget what comes next.",
				//This is a question. Questions are quite fiddly but if you really want to write some questions, let me know and I'll give you the code breakdown.
				"Sat": "#$q 50701/50702 Sky_Blue#Why's the sky blue, {{PlayerTitle}}?#$r 50701 10 Sky_Yoba#Because that's the way Yoba made the world.#$r 50701 10 Blue_Science#Because molecules in the air scatter blue light more than they scatter red light, making the sky appear blue.#$r 50702 10 Sky_Father#Oh, I don't know. Why don't you ask your father?",
				//Below becomes what Kid1 will say the Saturday after he asks his question.
				"Sky_Blue": "Dada's been teaching us all about science! He's real smart.#$b#And sometimes silly. I wanna be like Dada when I growed up.$1",
				//The answers to the question
				"Sky_Father": "Okay! I will! Dada'll know. He's real smart!",
				"Sky_Yoba": "Yoba? You mean the magical seed and the light and stuff? Dada says that's a story, but all stories have truth. Dunno what that means.",
				"Blue_Science": "What's a moley-cule?",
				"Sun": "I was digging for treasure, an' look what I found! [2 103 110 171 169 369 311 112 113]#$b#You can have it!",
				"Mon6": "$q 6000 Mon#Why you do farming stuff?#$r 6000 15 a_1#I want to make tons of money.#$r 6000 15 a_2#It's more 'real' than living in the city.#$r 6000 15 a_3#To follow in great-grandpa's footsteps.#$r 6000 15 a_4#I wanted to escape my old life.",
				"a_1": "You got tons of money?",
				"a_2": "Wha's 'more real' mean?",
				"a_3": "Great-grandpa's a farmer?",
				"a_4": "Why? Was it super dangerous or some'ing?",
				"a_5": "You work real hard! I wanna help one day. Ima big {{Kid1_boy_girl}}.$1",
				"a_6": "That sounds scary! I don't want you to get hurt.$2",
				"a_7": "Why we gotta eat fish? Fish are friends!$3",
				"a_8": "I like to make friends too! {{KidName2}} is my bestest friend in the whole wide world!$",
				"Mon10":"{{PlayerTitle}}, what's a jumino? Jas has a coloring book and she let me color one in!#$b#I used all the colors of the rainbow!$1",
				"Tue10":"Miss Juliet has a puppy. Her name is Gremlin!$1#$b#If I had a puppy, I'd call him, %name. That's a good name, isn't it, {{PlayerTitle}}?$1",
				"Wed10":"I found a pretty rock today! Dada says its called quartz![80]#$b#You'll look after it for me, right?",
				"Thu10":"{{PlayerTitle}},{{PlayerTitle}}! {{kidName2}} said {{Kid2_he_she}}'d feed me to a cave troll!$3#$b#I don't wanna be eaten by a cave troll!$2",
				"Fri10":"We're gonna write stories in school today! Miss Penny says we can draw pictures too!$1",
				"Sat10":"Hey, {{PlayerTitle}}, Did you know that {{random:only girl mosquitoes bite, polar bears have black skin, slugs have FOUR noses, snakes can't close their eyes, starfish have no brains, octopus have three hearts}}! Isn't that wicked?$1",
				"Sun10":"I'm tired, {{PlayerTitle}}. I dreamed 'bout a little girl in a big, empty house, all alone, 'cept for a funny black bunny. She seemed sad.$2",
				//Spring specific days: note that it is always <season>_<date>_2 because the '2' means: from year two and onwards. Otherwise you only see it in year one!
				"spring_12_2": "The Egg Festival's tomorrow! I wanna go!#$e#Can I go? Pretty please with a cherry on the top?",
				"spring_16_2": "Dada and we are gonna go salmonberry picking today! And then we're gonna make salmonberry pie!$1",
				"spring_23_2": "There's a Flower Dance tomorrow?#$b#Do the flowers dance?",
				"spring_24_2": "{{PlayerTitle}}! Dada says I've gotta dress up... but I don't wanna! My good clothes don't got enough pockets.$2#$b#Can you tell Dada I don't gotta? Pretty puh-lease, {{PlayerTitle}}?",
				//
				// Summer dialogue
				"summer_Mon": "We're going to the beach, and I'm gonna search for buried treasure!$!#$b#Maybe I'll find some new arty-facts for my collection!$3",
				"summer_Tue": "Dada showed me the bestest gemstone yesterday, {{PlayerTitle}}. It's called... um... dollar-mite! And it's made from underwater volcanoes.#$b#Did you know there's underwater volcanoes? They're so cool!$1",
				"summer_Wed": "Yay! We're gonna learn all about rocks today. Did you know... {{random:that igneous rocks come from molten magma. They're my favorite! ++ some rocks are aliens! They fell from space. They're called meteorites. Have you ever seen a meteorite, {{PlayerTitle}}? ++ that diamonds are the hardest thing there ever was!|inputSeparator=++}}$1",
				"summer_Thu": "{{kidName2}} says I'm boring cos I'd rather read books then play pretend.#$b#But {{Kid2_he_she}} always wants me to be the bad guy, so she can defeat me.$2",
				"summer_Fri": "Dada's off to visit his Dwarf friend. But he says I'm not old enough to meet them yet.$2#$b#I dunno why! I won't do nothing to embarrass him. I'm not silly like {{kidName2}}!$3",
				"summer_Sat": "We made ice blocks! Then {{kidName2}} dropped them down my neck.$2#$b#They were really cold!$1",
				"summer_Sun": "I've been drawing the bugs in the garden... I'm not very good but I wanna be a naturist when I grows up.#$b#Why you laughing, {{PlayerTitle}}? What's so funny about nature?$3",
				"summer_11_2": "We're going to a party on the beach today! Everyone's gonna be there!$1#$b#I hope I don't gotta talk to everyone.$3",
				//
				// Fall to be added:
				"fall_Mon": "I like fall the best!  The trees get dressed up.$1",
				"fall_Tue": "Dada said he was proud of me! I'm his chipped off block.$1",
				"fall_Wed": "{{kidName2}} wants me to play but won't let me pick the game.  That's not fair!$2",
				"fall_Thu": "I love you {{PlayerTitle}}.$1",
				"fall_Fri": "Today I want to see the cart lady and pat her pig!",
				"fall_Sat": "I want to find frogs. {{kidName2}} says they're already sleeping.",
				"fall_Sun": "Let's play!  We can watch you work.",
				"fall_26_2":"Dada's gonna help us make costumes today! I'm gonna be a scary monster. Rawr!#$b#But don't worry, {{PlayerTitle}}, I'll never scare you!$3",
				"fall_22_2":"It's Dada's birthday! I drewed him a picture!$4",
				
				// Winter Dialogue
				"winter_Mon": "Where do the birds go when its cold, {{PlayerTitle}}?$3",
				"winter_Tue": "It was windy last night, an' Teddy was scared!$2#$b#But it's okay, I gave them lotsa hugs.",
				"winter_Wed": "We're going to school today! Dada knows everything!$1#$b#But don't feel bad, you're smart too, {{PlayerTitle}}$3",
				"winter_Thu": "{{kidName2}} taught me how to make snow angels!$1#$b#It was cold.$3",
				"winter_Fri": "I got a question, {{PlayerTitle}}.#$q 6006 question_2#What do you do all day?#$r 6007 15 a_5#I work hard on the farm.#$r 6008 15 a_6#I fight monsters.#$r 6009 15 a_7#I catch fish for dinner.#$r 6010 15 a_8#I make lots of friends",
				"winter_Sat": "I wanna make a snowman. But {{kidName2}} only wants to throw snowballs at me.#$b#Sometimes they hurt.$2",
				"winter_Sun": "Dada tells really good stories. But sometimes they give me bad dreams.$2",
				"winter_15_2": "Dada's taken us to see the boats!$1",
				"winter_25_2": "I drawed you a picture, {{PlayerTitle}}. It's a present! I hope you like it.$4",
				"question_1": "$p 6000#... I still got questions.",
				"question_2": "Can I come and help you today, {{PlayerTitle}}?$3",
				//
				// COnversation Topics: These are what the kids say after seeing a specific event, in this case if one of them wins the egg festival
				"Kid1Win": "I won the egg festival! Did you see {{PlayerTitle}}!$1#$b#I think it made {{kidName2}} sad... even though I offered to share my prize with {{Kid2_him_her}}.$3",
				"Kid2Win": "{{kidName2}} got the prize! {{Kid2_he_she_cap}} really IS the fastest!",
			}
		},
		{
			"LogName": "Rainy Day Dialogue",
			"Action": "EditData",
			"Target": "Characters/Dialogue/rainy",
			"Entries": {
				"{{Loe2run.ChildToNPC/FirstChildName}}": "{{Random: It's rainin' it's pourin' the old man is... Oh, I don't mean Dada! He's not old! It's just a silly rhyme. ++ Raindrops keep fallin' on my head! Hah, it's a song {{playerTitle}}. The roof's not leaking! |inputSeparator=++}}" //the last part just randomizes what the child will say.
			}
		},
		{
			"LogName": "Rainy Day Dialogue",
			"Action": "EditData",
			"Target": "Characters/Dialogue/rainy",
			"Entries": {
				"{{Loe2run.ChildToNPC/FirstChildName}}": "{{Random: I'm not scared of the storm. I'm not! %pet just needs me cos they're scared!$2 ++ The thunder rumbles means the sky's angry, doesn't it {{playerTitle}}? I don't want the sky to be angry!|inputSeparator=++}}" //Jack is a little scared of thunder
			},
			"When": {
				"weather": "storm"
			}
		}
	]
}