{
	"Changes": [
		{
			"LogName": "Second Child Dialogue",
			"Action": "EditData",
			"Target": "Characters/Dialogue/{{Loe2run.ChildToNPC/SecondChildName}}",
			"Entries": {
				"Mon": "I wanna play! Can you play with me?",
				"Tue": "Where are my toys? They're playing hide n seek!#$b#You're never gonna find them!",
				"Wed": "Not fair... Dada says I'm too little to have a sword! I wanna fight monsters like you!",
				"Thu": "Sometimes I think Dada likes {{kidName1}} betterer than me.$2#$b#But I'm your favorite, aren't I, {{PlayerTitle}}?",
				"Fri": "Miss Penny is sooooo pretty. Do you think she's pretty, {{PlayerTitle}}?",
				"Sat": "I was playing hide and seek with %pet. Look what I found! [2 103 110 171 169 369 311 112 113]#$b#You can have it!",
				"Sun": "Can you read me a story? I wanna hear about the princess what fights monsters!",
				"spring_12_2": "Dada's gonna paint eggs with us today! I'm gonna make you a pretty one!",
				"spring_13_2": "{{kidName1}} says they're gonna find all the eggs today! But I'm gonna beat 'em!",
				"spring_23_2": "Dada's teaching us how to dance!#$b#But {{kidName1}} keeps stepping on my feet.$2",
				"winter_15_2": "We're gonna see the trav-lers! It's gonna be fun.#$b#I wanna be trav-ler one day.$1",
				"Mon6": "$q 6001 Mon#What am I, {{PlayerTitle}}?#$r 6002 15 a_1#You're my precious pumpkin.#$r 6003 15 a_2#You're my bold hero!#$r 6004 15 a_3#You're my little genius.#$r 6005 15 a_4#You're my adorable goblin.",
				"summer_Mon": "We're going to the beach! I hope Dada lets me get an ice cream!$1",
				"summer_Tue": "What's brown and sticky?$3#$b#A stick! Haha, get it?$1",
				"summer_Wed": "I don't wanna sit inside and learn books today. Can I come and do fun stuff with you, {{PlayerTitle}}? Pretty please?$3",
				"summer_Thu": "{{PlayerTitle}}! I had the bestest day today! I saved Sir FireyPants - he's a dragon - from a nasty, bad knight what wanted to hurt him.#$b#And now we're gonna fly away to the land of the unicorns and eat cotton candy forever and ever!$!",
				"summer_Fri": "Miss Penny makes us write our stories... But I can't! They're better in my head.$3#$b#Do you wanna hear one, {{PlayerTitle}}?",
				"summer_Sat": "Sssh, don't tell Dada, but I hid his special pen. He's gonna have to go on a mighty quest to find it!",
				"summer_Sun": "I found buried treasure! Here, you can have some.[2 103 110 171 169 369 311 112 113]$1",
				"summer_11_2": "We're having a feast today! {{kidName1}} and me am gonna have a eating competition!$1",
				"winter_Mon": "Dada says animals hibin-ate, and sleep all winter. That doesn't sound fun.$2",
				"winter_Tue": "{{kidName1}} was scared last night. But it's okay. I'll protect {{Kid1_him_her}}. I'm brave!$1",
				"winter_Wed": "Dada makes school so fun! Maybe he'll make something go BOOM today!",
				"winter_Thu": "We played in the snow. It was fun! Can I have a hot chocolate please?$3",
				"winter_Fri": "Miss Penny always makes us do reading or writing on Fridays.$3#$b#I don't like it.$2",
				"winter_Sat": "Yay! We're gonna have the biggest, bestest snowfight ever!$1",
				"winter_Sun": "Dada's gonna tell us a story today. I hope it's a scary one!",
				"winter_25_2": "Where's my present, {{PlayerTitle}}? We do get presents today, right?$3",
				"fall_Mon": "Can you tell us a story, {{PlayerTitle}}? Something scary?$1",
				"fall_Tue": "{{kidName1}} and me had a massive leaf fight! It was so fun!$1",
				"fall_Wed": "I love Dada, but I love {{PlayerTitle}} the mostest!#$b#You love me the mostest too, don't you?$3",
				"fall_Thu": "Dada's mad at me {{PlayerTitle}}...#$b#One of his arty-facts broked when I played with it.$2",
				"fall_Fri": "Today we get to tell stories! Vinny's are so, so funny.$1",
				"fall_Sat": "Can you stay home with us today, {{PlayerTitle}}? I miss you.$2",
				"fall_Sun": "Bring me back something cool, {{PlayerTitle}}!",
				"fall_26_2":"Dada's making dress-ups for us tomorrow. I wanna be a warrior princess!$1#$b#And {{kidName1}} can be my goblin sidekick.",
				"fall_22_2":"Did you get Dada a present? I remembered, see!#$b#I writed him a story, and {{kidName1}}'s drawed the pictures.$1#$b#It's an adventure story! Do you wanna be in it too, {{PlayerTitle}}?",
				"a_1": "Hehe {{PlayerTitle}}. I'ma not a pum-kin, I'm {{kidName2}}!$1#$b#But you can call me pum-kin if you want.",
				"a_2": "Yah! An' I've gotta sword and a unicorn stead and we're gonna save the world!$1",
				"a_3": "Dada's gonna teach me maths tomorrow!$1",
				"a_4": "Teehee {{PlayerTitle}}. I'm not a goblin I'ma fairy! A fairy-goblin! They give wishes, they do!$1",
				"question_1": "I got lots and lots of questions!$1",
				"Kid1Win": "{{kidName1}} bet me at the egg hunt...$2#$b#I'm the fastest... but {{Kid1_he_she}}'s the smartest.$3",
				"Kid2Win": "I won! And it was awesome! I even bet Miss Abigail!$1",
				"spring_24_2": "Dada says I've gotta brush my hair a million-trillion times, and put on my bestest clothes for today's adventure.#$b#That don't sound like a very fun adventure to me.$3",
				"summerBeach": "I gotta crab, {{PlayerTitle}}! His name was Mr SnappyToes!$1#$b#But Dada made me put him back in his home.$2",
				"springBeach": "Do you think there is sharks, {{PlayerTitle}}?",
				"fallBeach": "I'm gonna make the biggest sandcastle ever! And it's gonna be the castle of Princess SparkleShine! She's an evil queen!$1"
			}
		},
		{
			"LogName": "Rainy Day Dialogue",
			"Action": "EditData",
			"Target": "Characters/Dialogue/rainy",
			"Entries": {
				"{{Loe2run.ChildToNPC/SecondChildName}}": "{{Random: I'm bored, {{PlayerTitle}}. Why can't I play outside? I won't catch a cold or nothing. I'm strong like a super hero! ++ Dada won't let me stomp in puddles today. But I wanted to see how big a splash I can make! |inputSeparator=++}}"
			}
		},
		{
			"LogName": "Rainy Day Dialogue",
			"Action": "EditData",
			"Target": "Characters/Dialogue/rainy",
			"Entries": {
				"{{Loe2run.ChildToNPC/SecondChildName}}": "{{Random: I told {{kidName1}} that the sky was angry. And now {{kid1_he_she}}'s scared. I thought it'd be funny.... but it wasn't.$2 ++ There's a monster outside stomping around! Can you hear it {{PlayerTitle}}? {{kidName1}} says it's scary. But I'm not scared!$1|inputSeparator=++}}"
			},
			"When": {
				"weather": "storm"
			}
		},
	]
}