{
	"Changes": [
		// I have set up some tokens to allow the game to fill in the blanks, so to speak. Anything in {{ }} is subsituted to a definition from the main page.
		// for example: {{PlyerTitle}} makes the child use whatever the player hsd decided they want the kids to call them (in my case, Mummy).
		// {{kidName1}} and {{kidName2}} use the children's names respectively.
		// Others include: {{Kid1_he_she}}, {{Kid1_him_her}}, {{Kid1_he_she}}, {{Kid1_brother_sister}}, {{Kid1_boy_girl}} which they will substitute with the appropriate one of the pair based on the children's gender
		// Can also substitude {{Kid2_he_she}} to use whichever is appropriate for Kid2. add _cap for capitilization (works on some but names will be automatically capitalised) so {{Kid1_he_she_cap}}.
        //change "FirstCHildName" to "SecondChildName" below for kid2.
		{
			"LogName": "FirstChild Dialogue",
			"Action": "EditData",
			"Target": "Characters/Dialogue/{{Loe2run.ChildToNPC/FirstChildName}}",
			"Entries": {
				//generic weekly dialogue, this will show up if nothing else is set for the season. We do not have a spring season key because this will become spring.
				// Basic key is <season> or <season>_<DayOfWeek>
				"Mon": "I learned a new word today! It's {{random:serendipity, eudaimonia, mellifluous, nefarious, sonorous}}.#$b#What's it mean? I forgotted.$3",
				"Tue": "Can you read a story, {{PlayerTitle}}?#$b#Pretty please with a cherry on the top?",
				"Wed": "",
				"Thu": "",
				"Fri": "",
				"Sat": "",
				"Sun": "",
			    //Spring specific days: note that it is always <season>_<date>_2 because the '2' means: from year two and onwards. Otherwise you only see it in year one!
				"spring_12_2": "", //day before Egg Festival
				"spring_16_2": "", //Salmonberry season (if you want to use this)
				"spring_23_2": "", //day before Flower dance
				"spring_24_2": "", //flower dance Kids will attend festivals (but I will need to determine positions for them)
				//
				// Summer dialogue
				"summer_Mon": "",
				"summer_Tue": "",
				"summer_Wed": "",
				"summer_Thu": "",
				"summer_Fri": "",
				"summer_Sat": "",
				"summer_Sun": "",
				//
				// Fall dialogue
				"fall_Mon": "",
				"fall_Tue": "",
				"fall_Wed": "",
				"fall_Thu": "",
				"fall_Fri": "",
				"fall_Sat": "",
				"fall_Sun": "",
				// Winter Dialogue
				"winter_Mon": "",
				"winter_Tue": "",
				"winter_Wed": "",
				"winter_Thu": "",
				"winter_Fri": "",
				"winter_Sat": "",
				"winter_Sun": "",
				"winter_15_2": "", //Night Market, will attend whatever day the spouse visits - if they do - so change the number accordingly
				"winter_25_2": "", // Winter STar
				//
				// Conversation Topics: These are what the kids say after seeing a specific event, in this case if one of them wins the egg festival
				"Kid1Win": "", // if this kid wins
				"Kid2Win": "", // if their sibling wins
			}
		},
		{   //ordinary rain: note these do not have a 100% chance of showing on rainy days
			"LogName": "Rainy Day Dialogue",
			"Action": "EditData",
			"Target": "Characters/Dialogue/rainy",
			"Entries": {
				"{{Loe2run.ChildToNPC/FirstChildName}}": ""
			}
		},
		{   // if there's thunder
			"LogName": "Rainy Day Dialogue",
			"Action": "EditData",
			"Target": "Characters/Dialogue/rainy",
			"Entries": {
				"{{Loe2run.ChildToNPC/FirstChildName}}": ""
			},
			"When": {
				"weather": "storm"
			}
		}
	]
}