{
    "Changes": [
        {
            "LogName": "Schedule Dialogue",
            "Action": "EditData",
            "Target": "Strings/schedules/Elliott",
            "Entries": {
                //Kid's strings
                "kid1_To1": "",
                "kid1_Ar1": "",
                "kid1_nm2": "",
                "kid1_nm1": "",
                "kid2_To1": "",
                "kid2_Ar1": "",
                "kid2_nm2": "",
                "kid2_nm1": "",
                "kid2_adv1": "",
                "kid1_school1": "",
                "kid2_school1": "",
                "kid1_school2": "",
                "kid2_school2": "",
                "kid1_school_wednesday": "",
                "kid2_school_wednesday": "",
                "kid1_school_friday": "",
                "kid2_school_friday": "",
                //Elliott's strings
                "marriage_ki1": "", //add seasonal variances using i18n? {{i18n:kid1.town.{{kid1_trait}}.{{season}}.2}}
                "marriage_ki2": "",
                "marriage_ki3": "",
                "marriage_ki4": "", //{{i18n:kid1.arch.{{kid1_trait}}.{{season}}.2}}
                "marriage_ki5": "",
                "marriage_ki6": "",
                "marriage_kinm1": "",
                "marriage_kinm2": "",
                "marriage_kisch1": "",
                "marriage_kisch2": "",
                //Egg Painting
                "marriage_eggpaint1": "",
                "marriage_eggpaint2": "",
                "kid1_eggpaint1": "",
                "kid1_eggpaint2": "",
                "kid2_eggpaint1": "",
                "kid2_eggpaint2": ""
            }
        },
        {
            "LogName": "Stops Elliott abandoning the kids on Mondays",
            "Action": "EditData",
            "Target": "Data/CustomNPCExclusions",
            "When": {
                "DayOfWeek": "Monday, Wednesday, Friday"
            },
            "Entries": {
                "Elliott": "IslandVisit"
            }
        },
        {
            "LogName": "Dialogue",
            "Action": "EditData",
            "Target": "Characters/Dialogue/MarriageDialogueElliott",
            "When": {
                "Season": "spring"
            },
            "Entries": {
                "Rainy_Day_3": "",
                "Rainy_Day_4": "",
                "Rainy_Night_0": "",
                "Rainy_Night_1": "",
                "Indoor_Day_0": "",
                "Indoor_Day_1": "",
                "Indoor_Night_3": "",
                "Indoor_Night_4": "",
                "OneKid_0": "",
                "OneKid_1": "",
                "OneKid_2": "",
                "OneKid_3": "",
                "TwoKids_1": "",
                "TwoKids_2": "",
                "TwoKids_3": "",
                "Kid1Win": "",
                "Kid2Win": "",
                "spring_13": "",
                "spring_16": "",
                "spring_24": ""
            }
        },
        {
            "LogName": "Dialogue",
            "Action": "EditData",
            "Target": "Characters/Dialogue/MarriageDialogueElliott",
            "When": {
                "Season": "summer"
            },
            "Entries": {
                "Rainy_Day_0": "",
                "Rainy_Day_1": "",
                "Rainy_Night_2": "",
                "Rainy_Night_3": "",
                "Indoor_Day_3": "",
                "Indoor_Day_4": "",
                "Indoor_Night_0": "",
                "Indoor_Night_2": "",
                //
                "OneKid_0": "",
                "OneKid_1": "",
                "OneKid_2": "",
                "OneKid_3": "",
                "TwoKids_0": "",
                "TwoKids_1": "",
                "TwoKids_2": "",
                "TwoKids_3": ""
            }
        },
        {
            "LogName": "Dialogue",
            "Action": "EditData",
            "Target": "Characters/Dialogue/MarriageDialogueElliott",
            "When": {
                "Season": "fall"
            },
            "Entries": {
                "Rainy_Day_1": "",
                "Rainy_Day_2": "",
                "Rainy_Night_3": "",
                "Rainy_Night_4": "",
                "Indoor_Day_2": "",
                "Indoor_Day_3": "",
                "Indoor_Night_1": "",
                "Indoor_Night_3": "",
                //
                "OneKid_0": "",
                "OneKid_1": "",
                "OneKid_2": "",
                "OneKid_3": "",
                "TwoKids_0": "",
                "TwoKids_1": "",
                "TwoKids_2": "S",
                "TwoKids_3": ""
            }
        },
        {
            "LogName": "Dialogue",
            "Action": "EditData",
            "Target": "Characters/Dialogue/MarriageDialogueElliott",
            "When": {
                "Season": "winter"
            },
            "Entries": {
                "Indoor_Day_0": "",
                "Indoor_Day_Elliott": "",
                "Indoor_Night_Elliott": "",
                "Indoor_Night_4": "",
                //
                "OneKid_0": "",
                "OneKid_1": "",
                "OneKid_2": "",
                "OneKid_3": "",
                "TwoKids_0": "",
                "TwoKids_1": "",
                "TwoKids_2": "",
                "TwoKids_3": ""
            }
        }
    ]
}