{
    "Changes": [
        //Cooking Class!
        //Initiating Event
        {
            "Action": "EditData",
            "Target": "Data/Events/CommunityCenter",
            "Entries": {
                "69660003/e 36/p Penny/p Gus": "jaunty/11 9/Gus 8 5 0 Penny 9 12 0 farmer 14 5 0/addConversationTopic PennyGusCook 21/skippable/pause 500/emote Gus 56/pause 500/move Gus -2 0 0 true/move Penny 0 -2 0 true/emote Penny 28/move Penny 0 -5 3/pause 500/textAboveHead Penny \"Um... excuse me?\"/pause 500/faceDirection Gus 1/speak Gus \"{{i18n:69660003.1}}\"/pause 500/emote Penny 32/move Penny -1 0 3/pause 500/speak Penny \"{{i18n:69660003.2}}\"/pause 500/emote Gus 8/pause 500/speak Gus \"{{i18n:69660003.3}}\"/pause 500/speak Penny \"{{i18n:69660003.4}}\"/faceDirection Penny 1/emote Penny 60/pause 1500/faceDirection Penny 3/speak Gus \"{{i18n:69660003.5}}\"/speak Penny \"{{i18n:69660003.6}}\"/pause 500/emote Penny 40/pause 1500/speak Penny \"{{i18n:69660003.7}}\"/pause 500/emote Gus 16/pause 1500/speak Gus \"Why, I'd be delighted to!\"/jump Penny 5/emote Penny 20/speak Gus \"{{i18n:69660003.8}}\"/speak Penny \"{{i18n:69660003.9}}\"/speak Gus \"{{i18n:69660003.10}}\"/emote Gus 32/emote Penny 20/pause 1500/end dialogue Penny \"{{i18n:69660003.11}}\""
            }
        },
        // Jasper asks to join (if installed)
        {
            "Action": "EditData",
            "Target": "Data/Events/CommunityCenter",
            "When": {
                "HasMod": "Lemurkat.NPCJasper"
            },
            "Entries": {
                "69660004/e 69660003/A PennyGusCook/p Penny/p Gus/d Mon Tue Wed Fri Sat Sun": "jaunty/11 9/Gus 6 5 0 Penny 5 5 0 Jasper 9 12 0 farmer 13 6 3/skippable/pause 500/move Jasper 0 -7 3 true/speak Gus \"{{i18n:69660004.1}}\"/speak Penny \"{{i18n:69660004.2}}\"/pause 500/speak Gus \"{{i18n:69660004.3}}\"/pause 500/textAboveHead Jasper \"{{i18n:69660004.4}}\"/faceDirection Penny 1/faceDirection Gus 1/speak Gus \"{{i18n:69660004.5}}\"/move Penny 0 1 1 true/move Jasper -1 0 3 true/speak Gus \"{{i18n:69660004.6}}\"/emote Jasper 28/pause 500/speak Jasper \"{{i18n:69660004.7}}\"/speak Gus \"{{i18n:69660004.8}}\"/emote Jasper 60/pause 1500/speak Gus \"{{i18n:69660004.9}}\"/pause 500/speak Jasper \"{{i18n:69660004.10}}\"/emote Penny 60/pause 1000/end"
            }
        },
        //Schedule changes on Thursdays.
        {
            "LogName": "Schedule",
            "Action": "EditData",
            "Target": "Characters/schedules/Gus",
            "When": {
                "HasSeenEvent": "69660003"
            },
            "Entries": {
                "Thu": "800 Saloon 16 4 2 gus_sit_down/830 CommunityCenter 5 5 1  \"Strings\\schedules\\Gus:CookingClass_{{Random:CC1,CC2,CC3 |key=CookingClass}}\"/1200 Saloon 14 18 2 gus_clean/1830 Saloon 12 18 0/1850 Saloon 10 18 2/1940 Saloon 12 18 0/1950 Saloon 10 18 2/2030 Saloon 12 18 0/2040 Saloon 10 18 2/2400 Saloon 23 4 1 gus_sleep"
            }
        },
        {
            "LogName": "Schedule",
            "Action": "EditData",
            "Target": "Characters/schedules/Gus",
            "When": {
                "HasSeenEvent": "69660003",
                "DayOfWeek": "Thursday"
            },
            "Entries": {
                "rain": "800 Saloon 16 4 2 gus_sit_down/830 CommunityCenter 5 5 1 \"Strings\\schedules\\Gus:CookingClass_{{Random:CC1,CC2,CC3 |key=CookingClass}}\"/1200 Saloon 14 18 2 gus_clean/1830 Saloon 12 18 0/1850 Saloon 10 18 2/1940 Saloon 12 18 0/1950 Saloon 10 18 2/2030 Saloon 12 18 0/2040 Saloon 10 18 2/2400 Saloon 23 4 1 gus_sleep"
            }
        },
        {
            "LogName": "Schedule",
            "Action": "EditData",
            "Target": "Characters/schedules/Penny",
            "When": {
                "HasSeenEvent": "69660003"
            },
            "Entries": {
                "Thu": "830 CommunityCenter 6 5 3 \"Strings\\schedules\\Penny:CookingClass_{{Random:CC1,CC2,CC3 |key=CookingClass}}\"/1200 CommunityCenter 7 5 0 penny_dishes/1230 CommunityCenter 40 18 0 penny_read/1600 Town 44 77 2 penny_sit_down/1840 {{PennyEnd}} penny_sleep"
            }
        },
        {
            "LogName": "Schedule",
            "Action": "EditData",
            "Target": "Characters/schedules/Penny",
            "When": {
                "HasSeenEvent": "69660003",
                "DayOfWeek": "Thursday"
            },
            "Entries": {
                "rain": "830 CommunityCenter 6 5 3 \"Strings\\schedules\\Penny:CookingClass_{{Random:CC1,CC2,CC3 |key=CookingClass}}\"/1200 CommunityCenter 7 5 0 penny_dishes/1230 CommunityCenter 40 18 0 penny_read/1600 Town 44 77 2 penny_sit_down/1840 {{PennyEnd}} penny_sleep",
                "rain2": "830 CommunityCenter 6 5 3 \"Strings\\schedules\\Penny:CookingClass_{{Random:CC1,CC2,CC3 |key=CookingClass}}\"/1200 CommunityCenter 7 5 0 penny_dishes/1230 CommunityCenter 40 18 0 penny_read/1600 Town 44 77 2 penny_sit_down/1840 {{PennyEnd}} penny_sleep"
            }
        },
        {
            "LogName": "Schedule",
            "Action": "EditData",
            "Target": "Characters/schedules/Jasper",
            "When": {
                "HasSeenEvent": "69660004",
                "HasMod": "Lemurkat.NPCJasper"
            },
            "Entries": {
                "Thu": "610 Museum2 18 13 0/830 CommunityCenter 8 6 2 square_3_3 \"Strings\\schedules\\Jasper:CookingClass_{{Random:CC1,CC2,CC3 |key=CookingClass}}\"/1200 Town 46 32 2 Jasper_Read/1830 Museum2 12 14 2 Jasper_Exercise \"Strings\\schedules\\Jasper:008\"/2000 Museum2 18 4 2 jasper_sleep",
                "marriage_{{season}}_11": "710 CommunityCenter 8 6 2 square_3_3 \"Strings\\schedules\\Jasper:CookingClass_{{Random:CC1,CC2,CC3 |key=CookingClass}}\"/1200 SeedShop 12 20 square_5_1_2/1300 CommunityCenter 6 5 square_3_1_0 \"Strings\\schedules\\Jasper:CookingClass_Marriage\"/1900 BusStop -1 23 3"
            }
        },
        {
            "LogName": "Dialogue",
            "Action": "EditData",
            "Target": "Characters/Dialogue/MarriageDialogueJasper",
            "When": {
                "HasSeenEvent": "69660004",
                "Spouse": "Jasper",
                "Day": "11"
            },
            "Entries": {
                "funLeave_Jasper": "Good morning, beloved! I wonder what culinary treat Gus will teach us today?$1",
                "funReturn_Jasper": "Welcome home, my love. Here, I made you dinner. I do hope you shall enjoy it.[206 224 228]$4"
            }
        },
        {
            "LogName": "Cooking Class Strings - Gus",
            "Action": "EditData",
            "Target": "Strings/schedules/Gus, Strings/schedules/Penny",
            "Entries": {
                "CookingClass_CC1": "{{i18n:CookingClass.{{TargetWithoutPath}}.1}}",
                "CookingClass_CC2": "{{i18n:CookingClass.{{TargetWithoutPath}}.2}}",
                "CookingClass_CC3": "{{i18n:CookingClass.{{TargetWithoutPath}}.3}}"
            }
        },
        {
            "LogName": "Schedule",
            "Action": "EditData",
            "Target": "Strings/schedules/Jasper",
            "When": {
                "HasSeenEvent": "69660004",
                "HasMod": "Lemurkat.NPCJasper"
            },
            "Entries": {
                "CookingClass_CC1": "{{i18n:CookingClass.Jasper.1}}",
                "CookingClass_CC2": "{{i18n:CookingClass.Jasper.2}}",
                "CookingClass_CC3": "{{i18n:CookingClass.Jasper.3}}",
                "CookingClass_Marriage": "Oh my love, you caught me. It was supposed to be a surprise!$4"
            }
        }
    ]
}