{
    "Changes": [
        {
            "Action": "EditData",
            "Target": "Characters/schedules/Jasper",
            "Entries": {
                "marriage_Wed": "MAIL Jasper_Penny/GOTO marriage_Wed_NoTute/730 CommunityCenter 12 12 3 \"Strings\\schedules\\Jasper:marriage_kisch2\"/1020 CommunityCenter 15 19 2 \"Strings\\schedules\\Jasper:Wednesday_{{Random:Sch1, Sch2, Sch3}}\"/1400 Forest 75 50 2 \"Strings\\schedules\\Jasper:marriage_{{Random:For1, For2, For3}}\"/1930 BusStop -1 23 3",
                "marriage_Wed_NoTute": "730 BusStop 3 22 1/840 CommunityCenter 12 12 3 \"Strings\\schedules\\Jasper:marriage_kisch1\"/1030 ArchaeologyHouse 4 10 0 \"Strings\\schedules\\Jasper:marriage_AH2\"/1550 Town 83 97 3/1620 Town 87 103 2/2000 BusStop -1 23 3",
                "marriage_Fri": "MAIL Dwarf_Friend/GOTO marriage_Fri_NoDwarf/730 BusStop 33 22 3/820 Town 50 32 1 \"Strings\\schedules\\Jasper:marriage_kisch1\"/1040 Mountain 45 8 1/1300 Mine 42 7 1 \"Strings\\schedules\\Jasper:marriage_Dw1\"/1600 SamHouse 5 6 3/2000 BusStop -1 23 3",
                "marriage_Fri_NoDwarf": "730 BusStop 33 22 3/920 Town 50 32 1 \"Strings\\schedules\\Jasper:marriage_kisch1\"/1000 Mountain 45 8 1/1300 AdventureGuild 7 12 3 \"Strings\\schedules\\Jasper:marriage_Adv1\"/1600 SamHouse 4 5 3/2000 BusStop -1 23 3",
                "marriage_spring_12": "730 BusStop 33 22 3/820 Town 50 32 1 \"Strings\\schedules\\Jasper:marriage_eggpaint1\"/1030 CommunityCenter 16 22 0 \"Strings\\schedules\\Jasper:marriage_eggpaint2\"/1400 Town 26 14 2/1750 BusStop -1 23 3",
            }
        },
        {
            "Action": "EditData",
            "Target": "Characters/schedules/Jasper",
            "Entries": {
                "marriage_Wed": "MAIL Jasper_Penny/GOTO marriage_Wed_NoTute/730 Town 11 15 2 \"Strings\\schedules\\Jasper:marriage_kisch2\"/930 Custom_SchoolHouse 16 7 2 \"Strings\\schedules\\Jasper:Wednesday_{{Random:Sch1, Sch2, Sch3}}\"/1130 Town 21 18 2/1310 Custom_SchoolHouse 16 7 2 \"Strings\\schedules\\Jasper:Wednesday_{{Random:Sch1, Sch2, Sch3}}\"/1550 Forest 75 50 2 \"Strings\\schedules\\Jasper:marriage_{{Random:For1, For2, For3}}\"/1930 BusStop -1 23 3",
                "marriage_Wed_NoTute": "730 Town 11 15 2 \"Strings\\schedules\\Jasper:marriage_kisch1\"/930 ArchaeologyHouse 4 10 0 \"Strings\\schedules\\Jasper:marriage_AH2\"/a1550 Town 10 15 2/2000 BusStop -1 23 3",
                "marriage_Fri": "MAIL Dwarf_Friend/GOTO marriage_Fri_NoDwarf/730 Town 10 15 2 \"Strings\\schedules\\Jasper:marriage_kisch1\"/940 Mountain 45 8 1/1200 Mine 42 7 1 \"Strings\\schedules\\Jasper:marriage_Dw1\"/1600 SamHouse 5 6 3/2000 BusStop -1 23 3",
                "marriage_Fri_NoDwarf": "730 Town 11 15 2 \"Strings\\schedules\\Jasper:marriage_kisch1\"/940 Mountain 45 8 1/1200 AdventureGuild 7 12 3 \"Strings\\schedules\\Jasper:marriage_Adv1\"/1600 SamHouse 4 5 3/2000 BusStop -1 23 3",
                "marriage_spring_12": "730 BusStop 33 22 3/820 Town 50 32 1 \"Strings\\schedules\\Jasper:marriage_eggpaint1\"/1030 CommunityCenter 16 22 0 \"Strings\\schedules\\Jasper:marriage_eggpaint2\"/1400 Town 26 14 2/1750 BusStop -1 23 3",
                //"Tue": "620 Trailer 6 5 0/700 Town 10 13 2/930 Custom_SchoolHouse 15 7 2/1010 Custom_SchoolHouse 8 10 2/1040 Custom_SchoolHouse 15 7 2/1130 Town 12 13 1/1310 Custom_SchoolHouse 15 7 2/1550 Town 17 90 3 penny_wave_left/1750 Forest 92 20 3 penny_wave_left/1830 Trailer 4 9 1 penny_sleep",
            },
            "When": {
               // "DayOfWeek": "Wednesday, Friday",
                "HasSeenEvent": "9695001",
                "HasMod": "Xiddav.LittleRedSchoolHouse"
            }
        },
        { //Rainy Days
            "Action": "EditData",
            "Target": "Characters/schedules/Jasper",
            "Entries": {
                "marriage_{{Season}}_{{Day}}": "730 CommunityCenter 12 12 2/1100 ArchaeologyHouse 4 10 0/1430 CommunityCenter 40 10/1800 BusStop -1 23 3"
            },
            "When": {
                "Weather": "rain, storm",
                "DayOfWeek": "Wednesday, Friday"
            }
        },
        { //Rainy Days
            "Action": "EditData",
            "Target": "Characters/schedules/Jasper",
            "Entries": {
                "marriage_{{Season}}_{{Day}}": "730 CommunityCenter 15 19 2/1200 ArchaeologyHouse 5 10 0 \"Strings\\schedules\\Jasper:kid1_Ar1\"/1440 ArchaeologyHouse 11 11 1 child_sit/1800 BusStop -1 23 3"
            },
            "When": {
                "Weather": "rain, storm",
                "DayOfWeek": "Monday"
            }
        },
        { //Rainy Days
            "Action": "EditData",
            "Target": "Characters/schedules/Jasper",
            "Entries": {
                "marriage_{{Season}}_{{Day}}": "730 CommunityCenter 12 12 2/1100 CommunityCenter 15 19 2/1450 CommunityCenter 40 10/1800 BusStop -1 23 3"
            },
            "When": {
                "Weather": "rain, storm",
                "DayOfWeek": "Wednesday, Friday",
                "HasSeenEvent": "9695001",
                "HasMod": "Xiddav.LittleRedSchoolHouse"
            }
        },
        { //kid1 - school rain
            "Action": "EditData",
            "Target": "Characters/schedules/{{Loe2run.ChildToNPC/FirstChildName}}",
            "Entries": {
                "rain": "730 CommunityCenter 11 12 1/1100 CommunityCenter 14 21 0 child_sit/1500 CommunityCenter 41 12 square_2_4/1800 BusStop -1 23 3"
            },
            "When": {
                "DayOfWeek": "Wednesday, Friday"
            }
        },
        { //kid2 - school rain
            "Action": "EditData",
            "Target": "Characters/schedules/{{Loe2run.ChildToNPC/SecondChildName}}",
            "Entries": {
                "rain": "730 CommunityCenter 13 12 3/1100 CommunityCenter 18 21 0 child_sit_R/1500 CommunityCenter 38 12 square_2_4/1800 BusStop -1 23 3"
            },
            "When": {
                "DayOfWeek": "Wednesday, Friday"
            }
        },
        { //kid1 - Mon rain
            "Action": "EditData",
            "Target": "Characters/schedules/{{Loe2run.ChildToNPC/FirstChildName}}",
            "Entries": {
                "rain": "730 CommunityCenter 14 21 0 child_sit/1200 ArchaeologyHouse 3 10 0 \"Strings\\schedules\\Jasper:kid2_Ar1\"/1440 ArchaeologyHouse 11 11 3 child_sit_R/1800 BusStop -1 23 3",
            },
            "When": {
                "DayOfWeek": "Monday"
            }
        },
        { //rainy days
            "Action": "EditData",
            "Target": "Characters/schedules/{{Loe2run.ChildToNPC/SecondChildName}}",
            "Entries": {
                "rain": "730 CommunityCenter 18 21 0 child_sit_R/1200 ArchaeologyHouse 4 10 0 \"Strings\\schedules\\Jasper:kid2_Ar1\"/1440 ArchaeologyHouse 11 12 3 child_sit_R/1800 BusStop -1 23 3",
            },
            "When": {
                "DayOfWeek": "Monday"
            }
        },
        {
            "LogName": "FirstChild schedules",
            "Action": "EditData",
            "Target": "Characters/schedules/{{Loe2run.ChildToNPC/FirstChildName}}",
            "Entries": {
                //"Tue": "730 CommunityCenter 11 12 1/1100 CommunityCenter 14 21 0 child_sit \"Strings\\schedules\\Jasper:kid1_school2\"/1400 Town 83 98 3/1620 Town 17 90 3/1740 SamHouse 3 5 2/2000 SamHouse 9 22 1",
                "Wed": "MAIL Jasper_Penny/GOTO Wed_NoTute/730 CommunityCenter 11 12 1 \"Strings\\schedules\\Jasper:kid2_school_wednesday\"/1100 CommunityCenter 14 21 0 child_sit/1400 Forest 74 50 2/1930 BusStop -1 23 3",
                "Wed_NoTute": "730 CommunityCenter 11 12 1 \"Strings\\schedules\\Jasper:kid1_school1\"/1020 CommunityCenter 14 21 0 child_sit/1400 Town 83 98 3/1620 Town 88 103 2/1830 BusStop -1 23 3",
                "Fri": "730 Town 51 32 3 \"Strings\\schedules\\Jasper:kid1_school1\"/1030 CommunityCenter 14 21 0 child_sit \"Strings\\schedules\\Jasper:kid1_school_friday\"/1400 Town 26 17 1 square_3_3/1620 Town 15 88 2/1750 SamHouse 3 5 2/2000 BusStop -1 23 3",
                "spring_12": "730 Town 51 32 3 \"Strings\\schedules\\Jasper:kid1_eggpaint1\"/1030 CommunityCenter 15 22 0 \"Strings\\schedules\\Jasper:kid1_eggpaint2\"/1400 Town 26 17 1 square_3_3/1620 Town 15 88 2/1750 BusStop -1 23 3",
                // "{{season}}_11":"710 CommunityCenter 8 6 2 square_3_3 \"Strings\\schedules\\Jasper:CookingClass_{{Random:CC1,CC2,CC3 |key=CookingClass}}\"/1200 SeedShop 12 20 square_5_1_2/1300 CommunityCenter 6 5 square_3_1_0 \"Strings\\schedules\\Jasper:CookingClass_Marriage\"/1900 BusStop -1 23 3"
            }
        },
        {
            "LogName": "FirstChild schedules",
            "Action": "EditData",
            "Target": "Characters/schedules/{{Loe2run.ChildToNPC/FirstChildName}}",
            "When": {
                "HasSeenEvent": "9695001",
                "HasMod": "Xiddav.LittleRedSchoolHouse"
            },
            "Entries": {
                //"Tue": "730 CommunityCenter 11 12 1/1100 CommunityCenter 14 21 0 child_sit \"Strings\\schedules\\Jasper:kid1_school2\"/1400 Town 83 98 3/1620 Town 17 90 3/1740 SamHouse 3 5 2/2000 SamHouse 9 22 1",
                "Wed": "MAIL Jasper_Penny/GOTO Wed_NoTute/730 Town 11 16 1 \"Strings\\schedules\\Jasper:kid2_school_wednesday\"/930 Custom_SchoolHouse 11 6 0 child_sit/1130 Town 26 17 1 square_3_3/1300 Custom_SchoolHouse 11 6 0 child_sit/1550 Forest 74 50 2/1930 BusStop -1 23 3",
                "Wed_NoTute": "730 Town 11 16 1 \"Strings\\schedules\\Jasper:kid1_school1\"/930 Custom_SchoolHouse 11 6 0 child_sit/1130 Town 26 17 1 square_3_3/1300 Custom_SchoolHouse 11 6 0 child_sit/1550 Town 14 16 square_3_3/1830 BusStop -1 23 3",
                "Fri": "730 Town 11 16 1 \"Strings\\schedules\\Jasper:kid1_school1\"/930 Custom_SchoolHouse 11 6 0 child_sit \"Strings\\schedules\\Jasper:kid1_school_friday\"/1130 Town 26 17 1 square_3_3/1300 Custom_SchoolHouse 11 6 0 child_sit/1550 Town 15 88 2/1750 SamHouse 3 5 2/2000 BusStop -1 23 3",
                "spring_12": "730 Town 51 32 3 \"Strings\\schedules\\Jasper:kid1_eggpaint1\"/1030 CommunityCenter 15 22 0 \"Strings\\schedules\\Jasper:kid1_eggpaint2\"/1400 Town 26 17 1 square_3_3/1620 Town 15 88 2/1750 BusStop -1 23 3",
                // "{{season}}_11":"710 CommunityCenter 8 6 2 square_3_3 \"Strings\\schedules\\Jasper:CookingClass_{{Random:CC1,CC2,CC3 |key=CookingClass}}\"/1200 SeedShop 12 20 square_5_1_2/1300 CommunityCenter 6 5 square_3_1_0 \"Strings\\schedules\\Jasper:CookingClass_Marriage\"/1900 BusStop -1 23 3"
            }
        },
        {
            "LogName": "SecondChild schedules",
            "Action": "EditData",
            "Target": "Characters/schedules/{{Loe2run.ChildToNPC/SecondChildName}}",
            "Entries": {
                // "Tue": "730 CommunityCenter 12 12 3/1100 CommunityCenter 18 21 0 child_sit_R \"Strings\\schedules\\Jasper:kid2_school2\"/1400 Town 84 98 3/1620 Town 18 90 3/1740 SamHouse 3 5 2/2000 SamHouse 9 22 1",
                "Wed": "MAIL Jasper_Penny/GOTO Wed_NoTute/730 CommunityCenter 12 13 0 \"Strings\\schedules\\Jasper:kid2_school_wednesday\"/1100 CommunityCenter 18 21 0 child_sit_R/1400 Forest 73 50 2/1930 BusStop -1 23 3",
                "Wed_NoTute": "730 CommunityCenter 11 12 1 \"Strings\\schedules\\Jasper:kid1_school1\"/1020 CommunityCenter 18 21 0 child_sit_R/1400 Town 84 98 3/1620 Town 89 103 2/1740 SamHouse 3 5 2/2000 SamHouse 9 22 1",
                "Fri": "730 Town 50 33 0 \"Strings\\schedules\\Jasper:kid2_school1\"/1030 CommunityCenter 18 21 0 child_sit_R \"Strings\\schedules\\Jasper:kid2_school_friday\"/1400 Town 28 17 3 square_3_3/1620 Town 16 88 2/1750 SamHouse 4 5 2/2000 BusStop -1 23 3",
                "spring_12": "730 Town 50 33 0 \"Strings\\schedules\\Jasper:kid2_eggpaint1\"/1030 CommunityCenter 17 22 0 \"Strings\\schedules\\Jasper:kid2_eggpaint2\"/1400 Town 28 17 3 square_3_3/1620 Town 16 88 2/1750 BusStop -1 23 3",
                // "{{season}}_11":"710 CommunityCenter 8 6 2 square_3_3 \"Strings\\schedules\\Jasper:CookingClass_{{Random:CC1,CC2,CC3 |key=CookingClass}}\"/1200 SeedShop 12 20 square_5_1_2/1300 CommunityCenter 6 5 square_3_1_0 \"Strings\\schedules\\Jasper:CookingClass_Marriage\"/1900 BusStop -1 23 3"
            }
        },
        {
            "LogName": "SecondChild schedules - little red schoolhouse",
            "Action": "EditData",
            "Target": "Characters/schedules/{{Loe2run.ChildToNPC/SecondChildName}}",
            "When": {
                "HasSeenEvent": "9695001",
                "HasMod": "Xiddav.LittleRedSchoolHouse"
            },
            "Entries": {
                // "Tue": "730 CommunityCenter 12 12 3/1100 CommunityCenter 18 21 0 child_sit_R \"Strings\\schedules\\Jasper:kid2_school2\"/1400 Town 84 98 3/1620 Town 18 90 3/1740 SamHouse 3 5 2/2000 SamHouse 9 22 1",
                "Wed": "MAIL Jasper_Penny/GOTO Wed_NoTute/730 Town 12 16 3 \"Strings\\schedules\\Jasper:kid2_school_wednesday\"/930 Custom_SchoolHouse 23 8 3/1000 Custom_SchoolHouse 22 8 0 child_sit_R/1130 Town 17 16 square_3_3/1300 Custom_SchoolHouse 23 8 3/1320 Custom_SchoolHouse 22 8 0 child_sit_R/1550 Forest 73 50 2/1930 BusStop -1 23 3",
                "Wed_NoTute": "730 Town 12 16 3 \"Strings\\schedules\\Jasper:kid1_school1\"/930 Custom_SchoolHouse 23 8 3/1000 Custom_SchoolHouse 22 8 0 child_sit_R/1130 Town 17 16 square_3_3/1300 Custom_SchoolHouse 23 8 3/1320 Custom_SchoolHouse 22 8 0 child_sit_R/1550 Town 89 103 2/1740 SamHouse 3 5 2/2000 SamHouse 9 22 1",
                "Fri": "730 Town 12 16 3 \"Strings\\schedules\\Jasper:kid2_school1\"/930 Custom_SchoolHouse 22 8 0 child_sit_R/1130 Town 17 16 square_3_3/1300 Custom_SchoolHouse 22 8 0 child_sit_R/1550 Town 16 88 2/1750 SamHouse 4 5 2/2000 BusStop -1 23 3",
                "spring_12": "730 Town 50 33 0 \"Strings\\schedules\\Jasper:kid2_eggpaint1\"/1030 CommunityCenter 17 22 0 \"Strings\\schedules\\Jasper:kid2_eggpaint2\"/1400 Town 28 17 3 square_3_3/1620 Town 16 88 2/1750 BusStop -1 23 3",
                // "{{season}}_11":"710 CommunityCenter 8 6 2 square_3_3 \"Strings\\schedules\\Jasper:CookingClass_{{Random:CC1,CC2,CC3 |key=CookingClass}}\"/1200 SeedShop 12 20 square_5_1_2/1300 CommunityCenter 6 5 square_3_1_0 \"Strings\\schedules\\Jasper:CookingClass_Marriage\"/1900 BusStop -1 23 3"
            }
        },
    ]
}