{
    "Changes": [
        {
            "LogName": "Schedule Dialogue",
            "Action": "EditData",
            "Target": "Strings/schedules/Jasper",
            "Entries": {
                //Kid's strings
                "kid1_To1": "Love snow!",
                "kid1_Ar1": "Mr Gunther! Would like book 'bout animals, please.",
                "kid1_nm2": "Can I play with piggy!",
                "kid1_nm1": "Yay! Me an' Dadda gonna have lotsa fun!$1",
                "kid2_To1": "Look out!  Snowball!",
                "kid2_Ar1": "I wanna book about dragons! Big scary dragons!$1",
                "kid2_nm2": "The piggy is so funny!",
                "kid2_nm1": "I wanna try the coffee. But Dada says no...$2",
                "kid2_adv1": "Me an' Dadda an' {{kidName1}} are goin' on an adventure. Maybe there'll be a unicorn!$1",
                "kid1_school1": "Miss you Dadda!$2",
                "kid2_school1": "Bye Dadda! Have fun!$1",
                "kid1_school2": "I love school!$1",
                "kid2_school2": "When can we go outside an' play.$2",
                "kid1_school_wednesday": "Dada is so smart! I wanna be just like him when I grow up.$!",
                "kid2_school_wednesday": "I wish Dada would tell us a story 'bout the gobbles instead.$3",
                "kid1_school_friday": "Ssshh, gotta be quiet during school, {{PlayerTitle}}.$3#$b#I'm learning!",
                "kid2_school_friday": "Can I come on an adventure with you? Books are bor-ring.",
                "020":"@, beloved. The children insisted upon ice creams first... and I thought it might keep them quiet.",
                "021":"Your grandfather may not be with us anymore, but his spirit watches over us.#$b#And he would've been so proud of our family.$4",
                "kid1_020":"Shells! You know animals called molluscs lived in them?$3",
                "kid2_020":"Do you think pirates come here, {{playerTitle}}? I bet they've buried heaps of treasure.",
                "kid1_021":"Grandpa's a ghost now?$3#$b#But he's not a scary one, is he, Dada?$2",
                "kid2_021":"Grandpa lived underground, didn't he Dada? I bet he found lots of gold and gems and stuff.$3",
                //Jasper's strings
                "marriage_ki1": "So much energy! I don't know how I'll ever keep up.$3", //add seasonal variances using i18n? {{i18n:kid1.town.{{kid1_trait}}.{{season}}.2}}
                "marriage_ki2": "Such a delightful age. It's silly, but I almost hope they never grow up.$1",
                "marriage_ki3": "Hello @. We're about to build a snowman! Would you like to help us?$3",
                "marriage_ki4": "Ah, fairy tales. Nothing like the classics, is there?", //{{i18n:kid1.arch.{{kid1_trait}}.{{season}}.2}}
                "marriage_ki5": "No pumpkin, that's a book for grown-ups... Oh, very well, if you insist!",
                "marriage_ki6": "Hello Gunther! No, I am not quite getting as much reading done nowadays, for some reason.",
                "marriage_kinm1": "Are you ready for an adventure today, {{kidName1}}?",
                "marriage_kinm2": "No pumpkin, you cannot pet the pig... Yes, I'm sure he's very friendly... But he's working, see?$2",
                "marriage_kisch1": "Have fun at school today! Dada looks forward to hearing all about it tonight.$1",
                "marriage_kisch2": "Oh no @, {{kidName1}} doesn't get special treatment.$2",
                //Egg Painting
                "marriage_eggpaint1": "Now, do you children understand the significance of the Egg Festival, and what it represents?",
                "marriage_eggpaint2": "Oh dear, I appear to have got more paint on myself than on the egg. I'm afraid I'm not much of an artist, my dear.$1",
                "kid1_eggpaint1": "Is all about chickens, right? And bunnies? And um... cute fluffy animals?$3#$b#I think there was something about plants too... but I forget.$2",
                "kid1_eggpaint2": "Don't distract me, {{PlayerTitle}}. This has gotta be perfect.$3",
                "kid2_eggpaint1": "It's about who can run the fastest and be the best hunter of eggs!#$b#And that's gonna be me, {{kidName1}}, I'm gonna WIN!",
                "kid2_eggpaint2": "I'm using all the colors! Mine's gonna be so bright you can see it from the stars!$1"
            }
        },
        {
            "LogName": "Stops Jasper abandoning the kids on 'fun days'",
            "Action": "EditData",
            "Target": "Data/CustomNPCExclusions",
            "When": {
                "DayOfWeek": "Monday, Wednesday, Friday"
            },
            "Entries": {
                "Jasper": "IslandVisit"
            }
        },
        {
            "LogName": "Dialogue",
            "Action": "EditData",
            "Target": "Characters/Dialogue/MarriageDialogueJasper",
            "When": {
                "Season": "spring"
            },
            "Entries": {
                "Rainy_Day_3": "I took the children out to pick flowers yesterday. They wanted you to have this one.[18]$4#$b#Sorry it's a bit crushed.",
                "Rainy_Day_4": "{{kidName1}} is such a delight. I can't help but feel we're inventing our own secret language.",
                "Rainy_Night_0": "The children have been restless all day...I am quite tuckered out!$2#$b#Perhaps you could tell them a bedtime story?",
                "Rainy_Night_1": "Oh dear... {{kidName2}} decided to stomp in puddles today. And I've spend much of the evening cleaning mud off the floor.#$b#Oh, {{kidName1}} tried to help - but {{kid1_he_she}} somehow made it worse...$1",
                "Indoor_Day_0": "There were ducklings on the pond this morning. I should take {{kidName1}} and {{kidName2}} down to feed them.#$b#Oh, not bread of course! I'm sure we can find some healthy bird snackfood!$1",
                "Indoor_Day_1": "We're making daisy chains today, apparently.#$b#{{kidName1}} insisted!$3",
                "Indoor_Night_3": "The kids and I had some fun in the garden today. I feel {{kidName1}} might aspire to become an archeologist!#$b#{{kidName2}}, however, spent most of the day climbing trees.#$b#Maybe {{kid2_he_she}} will become an arborist!$1",
                "Indoor_Night_4": "{{kidName1}} and {{kidName2}} got into quite an argument today.$2#$b#I had them sit down and sort it out. Which they did. Eventually.#$b#Although I believe {{kidName2}} would've preferred a duel.",
                "OneKid_0": "I took {{kidName1}} out to pick flowers yesterday. They wanted you to have this one.[18]$4#$b#Sorry it's a bit crushed.",
                "OneKid_1": "There were ducklings on the pond this morning. I should take {{kidName1}} down to feed them.#$b#Oh, not bread of course! I'm sure we can find some healthy bird snackfood!$1",
                "OneKid_2": "What a glorious day! Perhaps I shall take little {{kidName1}} out for a walk.#$b#An appreciation of the outdoors is very important.",
                "OneKid_3": "Little {{kidName1}} is such a delight. I can't help but feel we're inventing our own secret language.",
                "TwoKids_1": "The kids and I had some fun in the garden today. I feel {{kidName1}} might aspire to become an archeologist!#$b#{{kidName2}}, however, was more interested in chasing frogs.$3",
                "TwoKids_2": "{{kidName2}} asked me today if I could take {{kid2_him_her}} into the mines with me.$2#$b#I'm worried {{kid2_his_her}} adventurous spirit might lead into trouble...$2",
                "TwoKids_3": "The kids and I have been playing 'school'. I believe {{kidName1}} is beginning to grasp the principles of geology.$1#$b#I guess you could say, {{Kid1_he_she}}'s a chip off the old rock.$1",
                "Kid1Win": "I'm so proud of {{kidName1}}, beating everyone else to get the most eggs!$1#$b#And {{Kid1_he_she}} shared the prize with {{kidName2}} too. We have wonderful children.",
                "Kid2Win": "I'm so proud of {{kidName2}}, beating everyone else to get the most eggs!$1#$b#And {{Kid2_he_she}} shared the prize with {{kidName1}} too. We have wonderful children.",
                "spring_13": "What a glorious day for a festival! It is such a joy to see the children so excited.$4",
                "spring_16": "I promised the children I would take them to pick salmonberries.#$b#{{kidName2}} is insisting on making it a competition.$1",
                "spring_24": "Never fear, my love! I shall wrangle the little monsters... err, our delightful children... into appropriate attire for today's dance.$1#$b#And I do so hope you shall do me the honor of dancing with me today.$4"
            }
        },
        {
            "LogName": "Dialogue",
            "Action": "EditData",
            "Target": "Characters/Dialogue/MarriageDialogueJasper",
            "When": {
                "Season": "summer"
            },
            "Entries": {
                "Rainy_Day_0": "Today feels like perfect weather for indoor theater!$1#$b#{{kidName2}} has a very vivid imagination.$3",
                "Rainy_Day_1": "{{kidName1}} and I are making a scrapbook about minerals. {{Kid1_he_she_cap}}'s really a chip off the old rock, right?$3#$b#Oh yes, sorry. That was terrible. But you still love me, right?$4",
                "Rainy_Night_2": "Oh, sorry beloved. The kids tried to help me with dinner... it was not a success.$2#$b#Might I suggest pizza at the saloon instead?",
                "Rainy_Night_3": "I'n so glad to see you, beloved! {{KidName2}} insists upon hearing a bedtime story from you tonight.#$b#It appears my story-telling has failed to fulfil her expectations.",
                "Indoor_Day_3": "Oh, it's too muggy to venture outside. Time for some indoor adventures instead!",
                "Indoor_Day_4": "Have a splendid day, beloved. The children and I shall hold the fort, protecting it from any and all evil fiends.#$b#Oh, sorry, {{kidName2}} had us enacting some sort of high fantasty adventure and I fear I may be trapped in character.$3",
                "Indoor_Night_0": "Once the children are asleep, shall we sit outside and watch the stars together?$4#$B#Oh, but I jest. These children never sleep!$2",
                "Indoor_Night_2": "Evil has been vanguished, and the world is safe again...#$b#Oh yes, I've put the children to bed. What do you mean they're up again?$2#$b#Sometimes I wonder if they ever sleep...$1",
                //
                "OneKid_0": "Little {{kidName1}} really seems to enjoy my stories. It's lovely to have such a captivating audience.$4",
                "OneKid_1": "I have been writing some stories for {{kidName1}}. Maybe one day I shall have them put to print.",
                "OneKid_2": "Good morning, my love. I've fed {{kidName1}} their breakfast...#$b#And cleaned up the floor as well. It seems {{kidName1}} is not too fond of pureed corn.$2",
                "OneKid_3": "I wonder if {{kidName1}} would like a sibling some day.#$b#When I was growing up, I would've loved a little brother or sister.$3#$b#Sorry my love, I'm not meaning to pressure you!$4",
                "TwoKids_0": "Maybe we could take the kids to the beach? Perhaps it's time to teach {{kidName1}} the fine art of sand castle construction.",
                "TwoKids_1": "Giving {{kidName1}} an ice cream was probably not the best idea...#$b#But don't worry, I cleaned all the walls!$3#$b#{{kidName1}}'s quite the artist.",
                "TwoKids_2": "The children play so nicely together. I hope they always remain good friends.$4",
                "TwoKids_3": "The children drew you some pictures, @. {{kidName2}} is experimenting with color.$1#$b#{{kidName1}} drew you a chicken. Or possibly a crocodile. It's, err, rather stylised.$1"
            }
        },
        {
            "LogName": "Dialogue",
            "Action": "EditData",
            "Target": "Characters/Dialogue/MarriageDialogueJasper",
            "When": {
                "Season": "fall"
            },
            "Entries": {
                "Rainy_Day_1": "Another rainy day... what shall we do today? Art and craft or a blanket fort adventures?$1",
                "Rainy_Day_2": "No leaf fights today, sorry children. Dada really does not want wet leaves down his neck again.",
                "Rainy_Night_3": "Can you hear a croaking sound, @? No. Good.$2#$b#Why? Oh no reason... oh very well, I shall explain. {{kidName2}} found {{kid2_him_her}}self a new friend.$1",
                "Rainy_Night_4": "The children have had so much energy today! I am quite exhausted.$2",
                "Indoor_Day_2": "We're working on arithmetic today. {{kidName1}} is quite the scholar!",
                "Indoor_Day_3": "I think the children and I will have a little tea party today. Perhaps we shall do some baking.$1",
                "Indoor_Night_1": "{{kidName1}} decided {{kid1_he_she}} was head chef today. With supervision of course!$1#$b#Here, try this. Sorry it's a bit crisp around the edges. [611 731 453 223 604 651 731]",
                "Indoor_Night_3": "I'm so pleased to see you, Beloved. {{kidName2}} has a special story for you, and refused to sleep until {{kid2_he_she}} could tell it.",
                //
                "OneKid_0": "{{kidName1}} loves to play in the fallen leaves.#$b#I must confess, I am rather enjoying it myself.$4#$b#I feel young again, @. Reborn.$4",
                "OneKid_1": "Why yes... there is mashed pumpkin in my hair.$2#$b#I offered {{kidName1}} some, pureed, for breakfast. They were not appreciative.",
                "OneKid_2": "{{kidName1}} and I have been skipping stones on the pond. My record is 5 hops.$1#$b#{{kidName1}}'s is one plop, but it's early days yet.$3",
                "OneKid_3": "I gave {{kidName1}} one of my crystals today - it is never too early to encourage a love of geology.#$b#Alas, {{kidName1}} did not seem very impressed.",
                "TwoKids_0": "{{kidName1}} found a worm in the leaves today and told {{kidName2}} it was 'piz-getti'.$2#$b#Do not fret, it was confiscated and safely liberated. No worms - or small children! - harmed.$3",
                "TwoKids_1": "The kids and I have taken to painting rocks and hiding them around the village.#$b#Small steps, yes, but I shall make a geologist of at least one of them yet!",
                "TwoKids_2": "So much of my life I dedicated to research, but when I look at our beautiful family...#$b#I'm so glad you guided me down another path, @.",
                "TwoKids_3": "",
                "fall_26":"Beloved, I promised the children I would help them with their costumes. But I am afeared my costuming skills are sadly underdeveloped.$2",
		"fall_22": "My birthday plans? The children claim to have a special surprise for me.$1#$b#We are headed for the playground. Would you care to join us, Beloved?",
            }
        },
        {
            "LogName": "Dialogue",
            "Action": "EditData",
            "Target": "Characters/Dialogue/MarriageDialogueJasper",
            "When": {
                "Season": "winter"
            },
            "Entries": {
                "Indoor_Day_0": "Good morning, beloved. The children and I am sorted for a splendid day of indoor adventures!#$b#For them, hot chocolate, but I believe you would prefer this? [253]",
                "Indoor_Day_Jasper": "Beloved, today {{kidName1}} and {{kidName2}} will be discovering the joys of science!$1#$b#Do not fret, we shall also practise the fine skill of tidying up after ourselves!",
                "Indoor_Night_Jasper": "{{kidName2}} wrote you a story today. It portrays you as quite the hero!#$b#You're my hero too, beloved.$4",
                "Indoor_Night_4": "It's an early night for me, I would say. I'm exhausted!$2#$b#The children have given me quite the run around. Oh, but how I love them for it, do not fear!$1",
                //
                "OneKid_0": "Ah, my love! I don't suppose you have a hat we can borrow?#$b#Today, {{kidName1}} and I are building a snowman!$1",
                "OneKid_1": "If you are wondering about the strange craters in the snow, {{kidName1}} and I have been making snow angels.$1",
                "OneKid_2": "{{kidName1}} and I have been enjoying fairy tales. I feel The Snow Queen is a fitting one for weather such as this.",
                "OneKid_3": "Good morning my love! I've fed {{kidName1}} a nourishing, warm breakfast, and we are ready for a day of indoor adventures!$1#$b#It's blanket fort weather, don't you think?",
                "TwoKids_0": "Is this snow in my hair? I suppose it is. {{kidName1}} and {{kidName2}} engaged in a rather instense snowball fight.#$b#Alas, I appear to have become caught in the crossfire.$1#$b#Perhaps tomorrow you might like to join us?$3",
                "TwoKids_1": "Apologies for all the glitter. Today was art and crafts day and well... it really does get everywhere, doesn't it?$1",
                "TwoKids_2": "{{kidName1}} spent the day trying to catch snowflakes on their tongue.#$b#Whereas {{kidName2}} merely tried to eat snow.$2#$b#Ah, children are such a delight!$1",
                "TwoKids_3": "We've been making snowflakes! Oh, out of paper my love. And do not fret, I'll clean up the mess!$1",
"winter_8":"I'm not sure who's more excited about the Ice Festival today, the kids or me!$1#$b#I promised {{kidName1}} we'd make a snowman. But I think {{kidName2}} would prefer a snowball fight...$2"
            }
        }
    ]
}