{
	"Name": "Mystical Bouquet",
	"Description": "An arrangement of mystical flowers. The scent makes you light-headed.",
	"Category": "Crafting",
    "Edibility": -300,
	"Price": 600,
    	"IsColored": false,
    "Recipe":
    	{
        	"ResultCount": 1,
	        "Ingredients": [
            {   "Object": 595,
                "Count": 1
                        },
            {   "Object": 376,
                "Count": 1
                        },
            {   "Object": 418,
                "Count": 1
                        },
            {   "Object": 402,
                "Count": 1
                        } 
	                ],
        "CanPurchase": true,
        "PurchaseFrom": "Sandy",
        "PurchasePrice": 1250,
        "PurchaseRequirements": [ "y 3" ]
                },
    "GiftTastes":
    {
        "Love": [   "Emily", "Jas", "Elliott", "Sophia", "Juliet"   ],
        "Like": [   "Leah", "Sandy", "Abigail", "Maru", "Sam", "Linus", "Gus", "Demetrius", "Evelyn", "Caroline", "Vincent", "Willy", "Dwarf", "Kent", "Robin", "Shane", "Jessie", "Jasper"    ],
        "Neutral": [    "Alex", "Haley", "Wizard", "Krobus", "Marnie", "Lewis", "Pierre", "Sebastian"   ],
        "Dislike": [    "Pam", "Clint", "George"    ]
        }
   }
