{
    "Format": "1.21",
    "DynamicTokens": [
        //Lets the others win occasionally
        {
            "Name": "EFWinner",
            "Value": "{{Random:JasVin,JasVin,Maru,Sam,Abigail,Abigail}}"
        },
        {
            "Name": "EFWinner",
            "Value": "{{Random:Abigail,Abigail,JasVin,JasVin,Maru,Sam,Leo}}",
            "When": {
                "HasSeenEvent": "6497428"
            }
        }
    ],
    "Changes": [
        {
            //Jas and Vincent win
            "Action": "EditData",
            "Target": "Data/Festivals/spring13",
            "When": {
                "EFWinner": "JasVin"
            },
            "Entries": {
                "AbbyWin": "addConversationTopic JasVinWinEF 3/pause 100/jump Jas/pause 200/jump Vincent/pause 800/emote Penny 32 true/pause 200/move Lewis 1 0 2/move Lewis 0 1 2/pause 100/speak Lewis \"Here's your prize, kiddos. Enjoy!$1\"/move Jas 0 -1 0 true/pause 150/move Vincent 0 -1 0 true/pause 800/playSound coin/pause 700/faceDirection Jas 1 true/pause 600/faceDirection Vincent 3 true/textAboveHead Vincent \"We did it!\"/emote Abigail 12/pause 400/jump Vincent/pause 500/faceDirection Lewis 1 true/pause 200/faceDirection Lewis 0/pause 300/move Lewis 0 -1 0/speak Lewis \"Well, that's it for this year's Egg Festival. Thanks for coming, everyone!\"/pause 1000/viewport move 1 -1 5000/pause 2000/globalFade/viewport -1000 -1000/waitForOtherPlayers festivalEnd/end"
            }
        },
        { //Edits Lewis' CS string to Jas and Vincent
            "Action": "EditData",
            "Target": "Strings/StringsFromCSFiles",
            "When": {
                "EFWinner": "JasVin"
            },
            "Entries": {
                "Event.cs.1862": "Jas and Vincent!"
            }
        },
        {
            //Maru wins
            "Action": "EditData",
            "Target": "Data/Festivals/spring13",
            "When": {
                "EFWinner": "Maru"
            },
            "Entries": {
                "AbbyWin": "addConversationTopic MaruWinEF 3/pause 100/jump Maru/faceDirection Maru 0/pause 200/pause 800/pause 200/move Lewis -2 0 2/pause 100/speak Lewis \"Here's your prize, Maru. Enjoy!$1\"/move Maru 0 -1 0/emote Maru 32/pause 800/playSound coin/pause 700/move Maru 0 1 0/pause 200/faceDirection Lewis 0/pause 300/move Lewis 2 0 0/speak Lewis \"Well, that's it for this year's Egg Festival. Thanks for coming, everyone!\"/pause 1000/viewport move 1 -1 5000/pause 2000/globalFade/viewport -1000 -1000/waitForOtherPlayers festivalEnd/end"
            }
        },
        { //Edits Lewis' CS string to Maru
            "Action": "EditData",
            "Target": "Strings/StringsFromCSFiles",
            "When": {
                "EFWinner": "Maru"
            },
            "Entries": {
                "Event.cs.1862": "Maru!"
            }
        },
        {
            //Sam wins
            "Action": "EditData",
            "Target": "Data/Festivals/spring13",
            "When": {
                "EFWinner": "Sam"
            },
            "Entries": {
                "AbbyWin": "addConversationTopic SamWinEF 3/pause 100/faceDirection Sam 0/emote Sam 16/jump Sam/pause 200/textAboveHead Vincent \"Yay, Sam!\"/pause 800/emote Penny 32/pause 200/move Lewis 3 0 2/pause 100/speak Lewis \"Here's your prize, Sam. Enjoy!$1\"/move Sam 0 -1 0/pause 150/pause 800/playSound coin/textAboveHead Sam \"Thanks.\"/pause 700/move Sam 0 2 3/faceDirection Vincent 1/pause 600/speak Sam \"Here, little brother. You did pretty good too. Share it with your friends.$1\"/playSound coin/emote Vincent 20/faceDirection Sam 0 true/faceDirection Vincent 0 true/pause 400/pause 500/faceDirection Lewis 1 true/pause 200/faceDirection Lewis 0/pause 300/move Lewis 0 -1 0/speak Lewis \"Well, that's it for this year's Egg Festival. Thanks for coming, everyone!\"/pause 1000/viewport move 1 -1 5000/pause 2000/globalFade/viewport -1000 -1000/waitForOtherPlayers festivalEnd/end"
            }
        },
        { //Edits Lewis' CS string to Sam
            "Action": "EditData",
            "Target": "Strings/StringsFromCSFiles",
            "When": {
                "EFWinner": "Sam"
            },
            "Entries": {
                "Event.cs.1862": "Sam!"
            }
        },
        {
            //Leo wins
            "Action": "EditData",
            "Target": "Data/Festivals/spring13",
            "When": {
                "EFWinner": "Leo"
            },
            "Entries": {
                "AbbyWin": "addConversationTopic LeoWinEF 3/pause 100/textAboveHead Leo \"I won?!\"/jump Leo/pause 200/jump Jas/pause 800/pause 200/move Lewis -3 0 2/faceDirection Leo 0/pause 100/speak Lewis \"Here's your prize, Leo. Well done. Enjoy!$1\"/move Leo 0 -3 0/pause 800/playSound coin/pause 700/faceDirection Leo 2/pause 600/speak Leo \"I can't believe I actually won!$1\"/emote Jas 32/pause 400/faceDirection Lewis 1 true/pause 200/faceDirection Lewis 0/pause 300/move Lewis 2 0 0/speak Lewis \"Well, that's it for this year's Egg Festival. Thanks for coming, everyone!\"/pause 1000/viewport move 1 -1 5000/pause 2000/globalFade/viewport -1000 -1000/waitForOtherPlayers festivalEnd/end"
            }
        },
        { //Edits Lewis' CS string to Leo
            "Action": "EditData",
            "Target": "Strings/StringsFromCSFiles",
            "When": {
                "EFWinner": "Leo"
            },
            "Entries": {
                "Event.cs.1862": "Leo"
            }
        },
        {
            "LogName": "Tell Abigail",
            "Action": "EditData",
            "Target": "Characters/Dialogue/Abigail",
            "Entries": {
                "LeoWinEF": "I would've won if a bee hadn't flown into my face!$a",
                "SamWinEF":"Drat, I sneezed and dropped my last egg! Dratted allergies!$a",
                "MaruWinEF":"A rabbit ran in front of me! And made me drop my eggs!$a",
                "JasVinWinEF":"Hah, I let them win, you know."
                }
        }
    ]
}