 {
    
    "Changes": [
        // NPC Map Location Support Start
        // NPC Map Location Support added by Yagisan. Based on Yagisan's - Custom NPCs for NPC Map Locations 1.1.9
        // This code will automatically disable itself if Yagisan's - Custom NPCs for NPC Map Locations is installed.
        // https://www.nexusmods.com/stardewvalley/mods/8174
		{
			"LogName": "ES NPC Sprite Offsets",
			"Action": "EditData",
			"Target": "Mods/Bouhm.NPCMapLocations/NPCs",
			"When": {
				"HasMod: |contains=Yagisan.NPCMapLocationsForNPCs": false
			},
			"Entries": {
				"Jacob": {
					"MarkerCropOffset": -1
				},
				"Eloise": {
					"MarkerCropOffset": 7
				},
				"Aideen": {
					"MarkerCropOffset": 2
				},
				"Dao": {
					"MarkerCropOffset": 1
				},
				"Rosa": {
					"MarkerCropOffset": 2
				},
				"Leximonster": {
					"Exclude": true
				},
				"DuckNPC": {
					"Exclude": true
				},
				"Duck2NPC": {
					"Exclude": true
				},
				"OliverK": {
					"Exclude": true
				},
				"JosephineK": {
					"Exclude": true
				},
				"Kataryna": {
					"Exclude": true
				},
				"RichieTheMacaw": {
					"Exclude": true
				},
			}
		},
		{
			"LogName": "East Scarp - Location Support",
			"Action": "EditData",
			"Target": "Mods/Bouhm.NPCMapLocations/Locations",
			"When": {
				"HasMod: |contains=Yagisan.NPCMapLocationsForNPCs": false
			},
			"Entries": {
				// NPC Map Locations complains if any maps don't have a location.  Put a fake entry in to hide these for now.
				"Custom_ESShack": {
					"MapVectors": [
						{
							"TileX": 0,
							"TileY": 0,
							"MapX": 0,
							"MapY": 0
						},
						{
							"TileX": 0,
							"TileY": 0,
							"MapX": 0,
							"MapY": 0
						}
					]
				},
				"Custom_ESOrchardHouse": {
					"MapVectors": [
						{
							"TileX": 0,
							"TileY": 0,
							"MapX": 0,
							"MapY": 0
						},
						{
							"TileX": 0,
							"TileY": 0,
							"MapX": 0,
							"MapY": 0
						}
					]
				},
				"Custom_EastScarpe": {
					"MapVectors": [
						{
							"TileX": 0,
							"TileY": 0,
							"MapX": 1105,
							"MapY": 305
						},
						{
							"TileX": 79,
							"TileY": 136,
							"MapX": 1200,
							"MapY": 475
						}
					],
					"MapTooltip": {
						"X": 1105,
						"Y": 305,
						"Width": 95,
						"Height": 170,
						"PrimaryText": "East Scarp"
					}
				},
				"Custom_ESOrchard": {
					"MapVectors": [
						{
							"TileX": 0,
							"TileY": 0,
							"MapX": 1190,
							"MapY": 330
						},
						{
							"TileX": 54,
							"TileY": 79,
							"MapX": 1200,
							"MapY": 500
						}
					],
					"MapTooltip": {
						"X": 1190,
						"Y": 330,
						"Width": 25,
						"Height": 170,
						"PrimaryText": "Lost Orchard"
					}
				},
				"Custom_ESMeadowFarm": {
					"MapVectors": [
						{
							"TileX": 0,
							"TileY": 0,
							"MapX": 1165,
							"MapY": 280
						},
						{
							"TileX": 49,
							"TileY": 40,
							"MapX": 1200,
							"MapY": 300
						}
					],
					"MapTooltip": {
						"X": 1165,
						"Y": 280,
						"Width": 35,
						"Height": 20,
						"PrimaryText": "Meadow Farm"
					}
				},
				"Custom_ESDeepMountains": {
					"MapVectors": [
						{
							"TileX": 0,
							"TileY": 0,
							"MapX": 1080,
							"MapY": 130
						},
						{
							"TileX": 121,
							"TileY": 61,
							"MapX": 1200,
							"MapY": 220
						}
					],
					"MapTooltip": {
						"X": 1080,
						"Y": 130,
						"Width": 120,
						"Height": 90,
						"PrimaryText": "Deep Mountains"
					}
				}
			}
		},
		/*{
			"LogName": "East Scarp Vineyard - Location Support",
			"Action": "EditData",
			"Target": "Mods/Bouhm.NPCMapLocations/Locations",
			"When": {
				"HasMod: |contains=LemurKat.EastScarpe.CP": true,
				"HasMod: |contains=FlashShifter.StardewValleyExpandedCP": false,
				"HasMod: |contains=LemurKat.JulietHouse.NPC": false,
                "HasMod: |contains=Yagisan.NPCMapLocationsForNPCs": false
			},
			"Entries": {
				"Custom_ESVineyard": {
					"MapVectors": [
						{
							"TileX": 0,
							"TileY": 0,
							"MapX": 1017,
							"MapY": 388
						},
						{
							"TileX": 59,
							"TileY": 39,
							"MapX": 1055,
							"MapY": 409
						}
					]
				}
			}
		},*/
		{
			"LogName": "East Scarp + Juliet and Jessie - Location Support",
			"Action": "EditData",
			"Target": "Mods/Bouhm.NPCMapLocations/Locations",
			"When": {
				"HasMod: |contains=LemurKat.EastScarpe.CP": true,
				"HasMod: |contains=FlashShifter.StardewValleyExpandedCP": false,
				//"HasMod: |contains=LemurKat.JulietHouse.NPC": true,
                "HasMod: |contains=Yagisan.NPCMapLocationsForNPCs": false
			},
			"Entries": {
				"Custom_ESClearingHouse": {
					"MapVectors": [
						{
							"TileX": 0,
							"TileY": 0,
							"MapX": 1017,
							"MapY": 388
						},
						{
							"TileX": 59,
							"TileY": 39,
							"MapX": 1055,
							"MapY": 409
						}
					]
				}
			}
		},
		{
			"LogName": "East Scarpe Vineyard + Juliet and Jessie + SVE - Location Support",
			"Action": "EditData",
			"Target": "Mods/Bouhm.NPCMapLocations/Locations",
			"When": {
				"HasMod: |contains=LemurKat.EastScarpe.CP": true,
				"HasMod: |contains=FlashShifter.StardewValleyExpandedCP": true,
				"HasMod: |contains=LemurKat.JulietHouse.NPC": true,
                "HasMod: |contains=Yagisan.NPCMapLocationsForNPCs": false
			},
			"Entries": {
				// This map does not exist when SVE is installed. Fake an entry so NPC Map Locations doesn't complain.
				/*"Custom_ESVineyard": {
					"MapVectors": [
						{
							"TileX": 0,
							"TileY": 0,
							"MapX": 0,
							"MapY": 0
						},
						{
							"TileX": 0,
							"TileY": 0,
							"MapX": 0,
							"MapY": 0
						}
					]
				},*/
				"Custom_ESClearingHouse": {
					"MapVectors": [
						{
							"TileX": 0,
							"TileY": 0,
							"MapX": 0,
							"MapY": 0
						},
						{
							"TileX": 0,
							"TileY": 0,
							"MapX": 0,
							"MapY": 0
						}
					]
				},
				// If SVE is installed, this remains in Pelican Town.
				"ClearingHouse": {
					"MapVectors": [
						{
							"TileX": 0,
							"TileY": 0,
							"MapX": 680,
							"MapY": 172
						},
						{
							"TileX": 59,
							"TileY": 29,
							"MapX": 703,
							"MapY": 194
						}
					]
				}
			}
		},
{
			"LogName": "East Scarpe Vineyard + Juliet and Jessie + SVE - Location Support",
			"Action": "EditData",
			"Target": "Mods/Bouhm.NPCMapLocations/Locations",
			"When": {
				"HasMod: |contains=LemurKat.EastScarpe.CP": true,
				"HasMod: |contains=FlashShifter.StardewValleyExpandedCP": false,
				"HasMod: |contains=LemurKat.JulietHouse.NPC": true,
                "HasMod: |contains=Yagisan.NPCMapLocationsForNPCs": false
			},
			"Entries": {
				// This map does not exist when SVE is installed. Fake an entry so NPC Map Locations doesn't complain.
				"ClearingHouse": {
					"MapVectors": [
						{
							"TileX": 0,
							"TileY": 0,
							"MapX": 0,
							"MapY": 0
						},
						{
							"TileX": 0,
							"TileY": 0,
							"MapX": 0,
							"MapY": 0
						}
					]
				}
			}
		}
        // NPC Map Location Support End
        ]
        }