{
	"Name": "Sunset Nudibranch",
	"Description": "A gem of a sea slug",
	"Category": "Fish",
	"Edibility": 20,
	"EdibleIsDrink": false,
	"EdibleBuffs": null,
	"Price": 230,
	"IsColored": false,
	"GiftTastes":
	{
		"Love": ["Demetrius", "Vincent", "Wizard"],
		"Like": ["Maru"]
	},
	"NameLocalization":
	{
		/*to be added in*/
		"ko": "노을빛 갯민숭달팽이",
		"zh": "日落海蛞蝓",
	},
	"DescriptionLocalization":
	{
		/*to be added in*/
		"ko": "보석해에서만 서식하는 민달팽이의 한 종류입니다.",
		"zh": "海蛞蝓里的一颗明珠。",
	},
	"CategoryLocalization":
	{
		/*to be added in*/
		"ko": "물고기",
		"zh": "鱼",
	}
}