{	"fall_22":"610 Custom_LK_Museum2 18 13 0/930 Custom_LK_Museum2 12 14 2 Jasper_Exercise \"Strings\\schedules\\Jasper:005\"/1100 Town 85 103 2/1500 Town 59 100 2/1830 Custom_LK_Museum2 12 13 2 Jasper_Read",
	"Mon": "610 Custom_LK_Museum2 18 13 0/930 Custom_LK_Museum2 12 14 2 Jasper_Exercise \"Strings\\schedules\\Jasper:005\"/1100 Custom_LK_Museum2 9 14 0/1400 Custom_LK_Museum2 22 5 0/1630 Custom_LK_Museum2 18 13 0/1830 Custom_LK_Museum2 12 13 2 Jasper_Read",
	"Tue": "610 Custom_LK_Museum2 18 13 0/930 Custom_LK_Museum2 12 14 2 Jasper_Exercise \"Strings\\schedules\\Jasper:006\/1100 Custom_LK_Museum2 9 14 0/1400 Custom_LK_Museum2 22 5 0/1630 Custom_LK_Museum2 18 13 0/1830 Custom_LK_Museum2 12 13 2 Jasper_Read",
	"Wed": "610 Custom_LK_Museum2 18 13 0/930 Custom_LK_Museum2 12 14 2 Jasper_Exercise \"Strings\\schedules\\Jasper:007\/1130 ArchaeologyHouse 13 9 2 Jasper_Read/1300 JojaMart 2 14 1/1430 JojaMart 8 7 0/1500 JojaMart 13 17 3/1600 Town 97 16 3/1830 ArchaeologyHouse 22 4 2",
	"JojaMart_Replacement": "SeedShop 9 27 1",
	"Thu": "610 Custom_LK_Museum2 18 13 0/700 Hospital 13 14 0/900 Hospital 5 5 3 \"Strings\\schedules\\Jasper:009\"/1200 Town 89 102 2/1730 ArchaeologyHouse 13 9 2 Jasper_Read/1830 Custom_LK_Museum2 12 14 2 Jasper_Exercise \"Strings\\schedules\\Jasper:008\"",
	"Fri": "610 Custom_LK_Museum2 18 13 0/930 Custom_LK_Museum2 12 14 2 Jasper_Exercise \"Strings\\schedules\\Jasper:006\"/1100 Custom_LK_Museum2 9 14 0/1400 Custom_LK_Museum2 22 5 0/1630 Custom_LK_Museum2 18 13 0/1830 Custom_LK_Museum2 12 14 2 Jasper_Exercise",
	"Sat": "610 Custom_LK_Museum2 18 13 0/700 Custom_LK_Museum2 21 14 3/930 Custom_LK_Museum2 12 14 2 Jasper_Exercise \"Strings\\schedules\\Jasper:007\"/1100 Town 52 97 1/1230 Beach 45 22 2/1730 ArchaeologyHouse 22 4 2",
	"Sun": "610 Custom_LK_Museum2 18 13 0/930 Custom_LK_Museum2 12 14 2 Jasper_Exercise \"Strings\\schedules\\Jasper:007\"/1100 Custom_LK_Museum2 9 14 0/1400 Custom_LK_Museum2 22 5 0/1630 Custom_LK_Museum2 18 13 0/1830 Custom_LK_Museum2 12 14 2 Jasper_Exercise \"Strings\\schedules\\Jasper:008\"",
	"rain": "610 Custom_LK_Museum2 18 13 0/930 Custom_LK_Museum2 12 14 2 Jasper_Exercise \"Strings\\schedules\\Jasper:005\"/1200 ArchaeologyHouse 13 9 0/1500 ArchaeologyHouse 13 9 2 Jasper_Read/1800 Custom_LK_Museum2 16 4 0/2000 Custom_LK_Museum2 18 4 2 jasper_sleep"

}