{

"rain": "700 Custom_LK_LodgingHouse 21 16 3/1100 Custom_LK_LodgingHouse 9 17 0/1300 Custom_LK_LodgingHouse 33 7 0 Juliet_drums/1500 Town 95 51 0/1700 JojaMart 9 25 1 Juliet_work/2300 Custom_LK_LodgingHouse 27 6 2 Juliet_sleep",
"spring": "620 Custom_LK_LodgingHouse 21 16 3/700 Town 95 51 0/850 JojaMart 9 25 1 Juliet_work/1700 Town 25 22 2 Juliet_yoyo/2400 Custom_LK_LodgingHouse 27 6 2 Juliet_sleep",
"spring_15": "700 Custom_LK_LodgingHouse 21 16 3/900 Custom_LK_LodgingHouse 33 7 0 Juliet_drums/1100 Custom_LK_ClearingHouse 16 7 3/1300 Beach 44 35 2 \"Strings\\schedules\\Juliet:spring_17.000\"/1800 Saloon 42 20 3/2400 Custom_LK_LodgingHouse 27 6 2 Juliet_sleep",
"winter_17": "620 Custom_LK_LodgingHouse 21 16 3/700 Town 95 51 0/850 JojaMart 9 25 1 Juliet_work/1700 Beach 29 36 2 \"Strings\\schedules\\Juliet:winter_17.000\"/2400 Custom_LK_LodgingHouse 27 6 2 Juliet_sleep",
"Wed": "620 Custom_LK_LodgingHouse 21 16 3/700 Town 95 51 0/850 JojaMart 9 25 1 Juliet_work/1700 Town 26 22 2 Juliet_yoyo/2400 Custom_LK_LodgingHouse 27 6 2 Juliet_sleep",
"Sat": "700 Custom_LK_LodgingHouse 21 16 3/900 Custom_LK_LodgingHouse 33 7 0 Juliet_drums/1100 Custom_LK_ClearingHouse 16 7 3/1300 Beach 44 35 2/1800 Saloon 42 20 3/2400 Custom_LK_LodgingHouse 27 6 2 Juliet_sleep",
"Sun": "700 Custom_LK_LodgingHouse 21 16 3/900 Custom_LK_LodgingHouse 33 7 0 Juliet_drums/1100 SeedShop 38 22 0/1600 Town 95 51 0/1700 JojaMart 9 25 1 Juliet_work/2300 Town 35 21 2/2400 Custom_LK_LodgingHouse 27 6 2 Juliet_sleep",
"JojaMart_Replacement": "Town 26 22 2 Juliet_yoyo"


}