{

    "rain": "700 Custom_LK_LodgingHouse 21 16 3/1100 Custom_LK_LodgingHouse 9 17 0/1300 Custom_LK_LodgingHouse 33 7 0 Juliet_drums/1500 Town 95 51 0 \"Strings\\schedules\\Juliet:JojaClosed{{random:A,B,C}}\"/1700 CommunityCenter 23 17 0/2300 Custom_LK_LodgingHouse 27 6 2 Juliet_sleep",
    "spring": "620 Custom_LK_LodgingHouse 21 16 3/700 Town 72 100 2/930 CommunityCenter 14 5 0/1130 CommunityCenter 27 9 0/1430 CommunityCenter 23 19 3/1700 Town 25 22 2 Juliet_yoyo/2400 Custom_LK_LodgingHouse 27 6 2 Juliet_sleep",
    "winter_17": "620 Custom_LK_LodgingHouse 21 16 3/700 Town 95 51 0 \"Strings\\schedules\\Juliet:JojaClosed{{random:A,B,C}}\"/930 CommunityCenter 14 5 0/1130 CommunityCenter 18 19 0/1430 CommunityCenter 23 19 3/1700 Beach 29 36 2 \"Strings\\schedules\\Juliet:winter_17.100\"/2400 Custom_LK_LodgingHouse 27 6 2 Juliet_sleep",
    "Wed": "620 Custom_LK_LodgingHouse 21 16 3/700 Town 95 51 0 \"Strings\\schedules\\Juliet:JojaClosed{{random:A,B,C}}\"/930 CommunityCenter 14 5 0/1130 CommunityCenter 27 9 0/1430 CommunityCenter 23 19 3/1700 Town 26 22 2 Juliet_yoyo/2400 Custom_LK_LodgingHouse 27 6 2 Juliet_sleep",
    "Sat": "700 Custom_LK_LodgingHouse 21 16 3/900 Custom_LK_LodgingHouse 33 7 0 Juliet_drums/1100 Custom_LK_ClearingHouse 16 7 3/1300 Beach 44 35 2/1800 Saloon 42 21 3/2400 Custom_LK_LodgingHouse 27 6 2 Juliet_sleep",
    "Sun": "700 Custom_LK_LodgingHouse 21 16 3/900 Custom_LK_LodgingHouse 33 7 0 Juliet_drums/1100 SeedShop 38 22 0/1400 Town 95 51 0 \"Strings\\schedules\\Juliet:JojaClosed{{random:A,B,C}}\"/1700 Town 16 61 1/2300 Town 35 20 2/2400 Custom_LK_LodgingHouse 27 6 2 Juliet_sleep",
    "JojaMart_Replacement": "Town 26 22 2 Juliet_yoyo",
    "marriage_Mon": "700 Town 72 100 2/930 CommunityCenter 14 5 0/1130 CommunityCenter 18 19 0/1430 CommunityCenter 23 19 3/1700 Custom_LK_LodgingHouse 17 17 0/2200 BusStop -1 23 3",
    "marriage_Wed": "700 Town 72 100 2/930 CommunityCenter 14 5 0/1130 CommunityCenter 27 9 0/1430 CommunityCenter 23 19 3/1700 Custom_LK_LodgingHouse 17 17 0/2200 BusStop -1 23 3",
    "marriage_Sat": "700 Custom_LK_ClearingHouse 20 17 2/1310 Beach 44 35 2/1800 Saloon 42 21 3/2400 BusStop -1 23 3",
    "marriage_Sun": "700 Custom_LK_ClearingHouse 20 17 2/1100 SeedShop 38 22 0/1700 Custom_LK_LodgingHouse 17 17 0/2200 BusStop -1 23 3"
    
    }