{
    "Changes": [

{    "Action": "EditMap",
    "Target": "Maps/CommunityCenter_refurbished",
    "MapProperties": {
        "Music": "shimmeringbastion"
                }
        },
{ "LogName": "Animations",        
    "Action": "EditData", 
    "Target": "Data/animationDescriptions",
    "Entries": {
            "elliott_dance": "36/36 36 36 37 37 37/36", 
            "leah_dance": "30/30 30 30 31 31 31/30",
            "maru_dance": "29/29 29 29 30 30 30/29",
            "emily_meditate": "48 49/50/49 48",
            "emily_dance":"16/16 16 17 17 16 16 17 17 20 20 21 21 20 20 21 21 16 16 17 17 16 16 17 17 22 22 23 23 22 22 23 23/16"
            }
        },
{   "Action": "EditData",
    "Target": "Characters/schedules/Emily",
    "Entries": {
        "rain":"830 CommunityCenter 39 12 2 emily_dance \"Strings\\schedules\\Emily:Dance_{{random:DC1,DC2,DC3}}\"/1200 CommunityCenter 26 17 2 emily_meditate  \"Strings\\schedules\\Emily:Dance_{{random:DC4,DC5,DC6}}\"/1530 Saloon 15 17 0 square_5_1_0/2430 HaleyHouse 21 4 1 emily_sleep"
            }
        },
{   "Action": "EditData",
    "Target": "Characters/schedules/Elliott",
    "Entries": {
        "rain": "800 ElliottHouse 1 5 0/900 CommunityCenter 41 15 1 elliott_dance \"Strings\\schedules\\Elliott:Dance_{{random:DC1,DC2,DC3}}\"/1200 CommunityCenter 24 8 2 elliott_read \"Strings\\schedules\\Elliott:Dance_{{random:DC4,DC5,DC6}}\"/1530 ElliottHouse 7 7 2/2000 ElliottHouse 1 5 0/2400 ElliottHouse 13 4 1 elliott_sleep"
           }
        },
{   "Action": "EditData",
    "Target": "Characters/schedules/Maru",
    "When": {	"DayOfWeek": "Monday, Wednesday, Friday"	},
    "Entries": {
        "rain": "800 CommunityCenter 38 16 0 maru_dance \"Strings\\schedules\\Maru:Dance_{{random:DC1,DC2,DC3}}/1230 ScienceHouse 19 18 0/1630 ScienceHouse 5 6 1 maru_tinker/1800 ScienceHouse 2 6 3/2000 ScienceHouse 9 6 1/2300 ScienceHouse 2 4 3 maru_sleep"
            }
        },  
{   "Action": "EditData",
    "Target": "Characters/schedules/Leah",
    "Entries": {
        "rain": "830 CommunityCenter 42 15 3 leah_dance \"Strings\\schedules\\Leah:Dance_{{random:DC1,DC2,DC3}}\"/1200 CommunityCenter 23 9 2 leah_draw \"Strings\\schedules\\Leah:Dance_{{random:DC4,DC5,DC6}}/1600 Saloon 2 20 1/2340 LeahHouse 2 4 3 leah_sleep"
                }
        },
{   "Action": "EditData",
    "Target": "Characters/schedules/Riley",
    "When": {   "HasMod": "SG.Riley"   },
    "Entries": {
        "rain": "900 CommunityCenter 36 13 2 riley_dance \"Strings\\schedules\\Riley:Dance_{{random:DC1,DC2,DC3}}\"/1230 RileyHouse 13 11 1 riley_comp \"Strings\\schedules\\Riley:rainygame1\"/1700 Saloon 24 18 2 riley_dance/2200 RileyHouse 19 3 1 riley_sleep"
            }
        },
{	"LogName": "Dance Class Strings - Emily",
    "Action": "EditData",
    "Target": "Strings/schedules/Emily, Strings/schedules/Elliott, Strings/schedules/Leah",
    "Entries": {
        "Dance_DC1": "{{i18n:RainyDayC.{{TargetWithoutPath}}.1}}",
        "Dance_DC2": "{{i18n:RainyDayC.{{TargetWithoutPath}}.2}}",
        "Dance_DC3": "{{i18n:RainyDayC.{{TargetWithoutPath}}.3}}",
        "Dance_DC4": "{{i18n:RainyDayC.{{TargetWithoutPath}}.4}}",
        "Dance_DC5": "{{i18n:RainyDayC.{{TargetWithoutPath}}.5}}",
        "Dance_DC6": "{{i18n:RainyDayC.{{TargetWithoutPath}}.6}}"
        }				
    },
{	"LogName": "Dance Class Strings -  Maru",
    "Action": "EditData",
    "Target": "Strings/schedules/Maru",
    "Entries": {
        "Dance_DC1": "{{i18n:RainyDayC.Maru.1}}",
        "Dance_DC2": "{{i18n:RainyDayC.Maru.2}}",
        "Dance_DC3": "{{i18n:RainyDayC.Maru.3}}"
            }				
        },
{	"LogName": "Dance Class Strings -  Riley",
    "Action": "EditData",
    "Target": "Strings/schedules/Riley",
    "When": {   "HasMod": "SG.Riley"   },
    "Entries": {
        "Dance_DC1": "{{i18n:RainyDayC.Riley.1}",
        "Dance_DC2": "{{i18n:RainyDayC.Riley.2}}",
        "Dance_DC3": "{{i18n:RainyDayC.Riley.3}}"
            }				
        }

/*{	"LogName": "Dance Class Strings -  Blank",
    "Action": "EditData",
    "Target": "Strings/schedules/NPC",
    "Entries": {
        "Dance_DC1": "",
        "Dance_DC2": "",
        "Dance_DC3": ""
            }
        }*/

    ]
}