{
    "Changes": [

//Book Club        
{   "LogName": "Schedule",  
    "Action": "EditData",  
    "Target": "Characters/schedules/Evelyn",
    "Entries": {
        "rain": "800 JoshHouse 3 17 0 square_3_1_0/1040 JoshHouse 17 22 3/1130 CommunityCenter 26 9 3 evelyn_sit_left \"Strings\\schedules\\Evelyn:BookClub_{{Random:Bo1, Bo2, Bo3 |key=BookClub }}\"/1700 JoshHouse 4 17 0 square_3_1_0/1900 JoshHouse 17 17 0/2130 JoshHouse 2 5 1"
            }
        },
{   "LogName": "Schedule",  
    "Action": "EditData",  
    "Target": "Characters/schedules/Jodi",
    "Entries": {
        "rain": "800 SamHouse 6 5 0 jodi_dishes/940 SamHouse 5 5 0/1000 SamHouse 7 5 0/1020 SamHouse 4 5 0/1040 SamHouse 6 5 0 jodi_dishes/1130 CommunityCenter 24 8 2 jodi_sit_down \"Strings\\schedules\\Jodi:BookClub_{{Random:Bo1, Bo2, Bo3 |key=BookClub}}\"/1700 CommunityCenter 30 15 2/1730 SamHouse 6 5 0 jodi_dishes/1930 SamHouse 8 13 1/2100 SamHouse 10 22 3/2200 SamHouse 22 5 1 jodi_sleep"
            }
        },  
{   "LogName": "Schedule",  
    "Action": "EditData",  
    "Target": "Characters/schedules/Caroline",
    "Entries": {
        "rain": "800 SeedShop 37 6 3/1130 CommunityCenter 23 9 2 caroline_read \"Strings\\schedules\\Caroline:BookClub_{{Random:Bo1, Bo2, Bo3 |key=BookClub}}\"/1700 SeedShop 25 18 2 square_9_9/2100 SeedShop 25 4 1 caroline_sleep"
            }
        },  
{   "LogName": "Schedule",  
    "Action": "EditData",  
    "Target": "Characters/schedules/Marnie",
    "When": {   "DayOfWeek": "Monday"  	},
    "Entries": {	
        "rain": "810 SeedShop 11 20 0/1100 CommunityCenter 22 10 1 \"Strings\\schedules\\Marnie:BookClub_{{Random:Bo1, Bo2, Bo3 |key=BookClub}}\"/1700 CommunityCenter 32 12 1/1730 AnimalShop 24 15 0/2100 AnimalShop 12 5 3 marnie_sleep"
            }
        },

//Jas and Vincent play nearby
{   "LogName": "Schedule",  
    "Action": "EditData",  
    "Target": "Characters/schedules/Jas",
    "When": {   "DayOfWeek": "Monday"	},
    "Entries": {	
        "rain": "900 AnimalShop 7 5 0/1000 CommunityCenter 40 10 square_5_1_0 \"Strings\\schedules\\Jas:CommunityCenter_{{Random:Fi1, Fi2, Fi3}}\"/15sssssssa00 CommunityCenter 43 10 3 jas_read \"Strings\\schedules\\Jas:CommunityCenter_{{Random:Bk1, Bk2, Bk3}}\"/1700 CommunityCenter 33 12 3/1730 AnimalShop 4 7 2/2100 AnimalShop 1 7 3 jas_sleep"
    }
        },
{   "LogName": "Schedule",  
    "Action": "EditData",  
    "Target": "Characters/schedules/Vincent",
    "When": {   "DayOfWeek": "Monday" 	},
    "Entries": {	
        "rain": "900 SamHouse 4 8 0/1130 CommunityCenter 37 9 2 vincent_play \"Strings\\schedules\\Vincent:CommunityCenter_{{Random:Pl1, Pl2, Pl3}}\"/1400 CommunityCenter 40 10 2 square_5_1_0 \"Strings\\schedules\\Vincent:CommunityCenter_{{Random:Fi1, Fi2, Fi3}}\"/1700 CommunityCenter 31 16 3/1730 SamHouse 5 7 3/1900 SamHouse 11 22 2 vincent_play/2000 SamHouse 8 22 3 vincent_sleep"
    }
        },

//Schedule Dialogue
{	"LogName": "Bookclub Strings",
    "Action": "EditData",
    "Target": "Strings/schedules/Evelyn, Strings/schedules/Caroline, Strings/schedules/Jodi",
    "Entries": {
        "BookClub_Bo1": "{{i18n:RainyDayB.{{TargetWithoutPath}}.1}}",
        "BookClub_Bo2": "{{i18n:RainyDayB.{{TargetWithoutPath}}.2}}",
        "BookClub_Bo3": "{{i18n:RainyDayB.{{TargetWithoutPath}}.3}}"
         }
    },
//Sam stays home if Vincent is not with his Mom on rainy days
{	"LogName": "Bookclub Day - Sam",
    "Action": "EditData",
    "Target": "Strings/schedules/Sam",
    "When": {   "DayOfWeek": "Tuesday, Wednesday, Thursday, Friday, Saturday, Sunday"  },
    "Entries": {
        "rain2": "1000 SamHouse 15 13 0/1100 SamHouse 17 15 2 sam_guitar/1500 SamHouse 8 6 3 sam_gameboy/1700 SamHouse 17 13 0/1830 SamHouse 22 16 1/2000 SamHouse 22 13 1 sam_sleep"
            }
        },
//Marnie, Jas and Vincent join them on Mondays.
{	"LogName": "Bookclub Strings - Marnie",
    "Action": "EditData",
    "Target": "Strings/schedules/Marnie",
    "Entries": {
        "BookClub_Bo1": "{{i18n:RainyDayB.Marnie.1}}",
        "BookClub_Bo2": "{{i18n:RainyDayB.Marnie.2}}",
        "BookClub_Bo3": "{{i18n:RainyDayB.Marnie.3}}"
         }
        },
{	"LogName": "Bookclub Strings - Jas",
    "Action": "EditData",
    "Target": "Strings/schedules/Jas",
    "Entries": {
        "CommunityCenter_Fi1": "{{i18n:RainyDayB.Jas.1}}",
        "CommunityCenter_Fi2": "{{i18n:RainyDayB.Jas.2}}",
        "CommunityCenter_Fi3": "{{i18n:RainyDayB.Jas.3}}",
        "CommunityCenter_Bk1": "{{i18n:RainyDayB.Jas.4}}",
        "CommunityCenter_Bk2": "{{i18n:RainyDayB.Jas.5}}",
        "CommunityCenter_Bk3": "{{i18n:RainyDayB.Jas.6}}"
            }
        },
{	"LogName": "Bookclub Strings - Vincent",
    "Action": "EditData",
    "Target": "Strings/schedules/Vincent",
    "Entries": {
        "CommunityCenter_Pl1": "{{i18n:RainyDayB.Vincent.1}}",
        "CommunityCenter_Pl2": "{{i18n:RainyDayB.Vincent.2}}",
        "CommunityCenter_Pl3": "{{i18n:RainyDayB.Vincent.3}}",
        "CommunityCenter_Fi1": "{{i18n:RainyDayB.Vincent.4}}",
        "CommunityCenter_Fi2": "{{i18n:RainyDayB.Vincent.5}}",
        "CommunityCenter_Fi3": "{{i18n:RainyDayB.Vincent.6}}"
            }
        }
/*
Event discussing Elliott's book:

'The Rise And Fall Of Planet Yazzo'... It's a sci-fi epic spanning thousands of years in an exotic planetary system.
Chapter One.
Commander Yutkin stepped through the golden archway as the airlock snapped shut behind him. Today was his first day on Planet Yazzo, and all 14 of the alliance delegates had been summoned to the Grand Spire...
...And as the 7th moon descended beneath the horizon, the planet of Yazzo would begin its sinister transformation... an event for which Commander Yutkin was completely unprepared.

958699:     'Blue Tower'... It's a mystery novel set in a surreal, dystopian future.
Chapter One.
From the shadows emerged a man, radiating with enigmatic omniscience. 'Good Evening, Mr. Lu,' he said, the corners of his mouth quivering. Lu seemed astonished. 'How did you know my name?'...
... Lu checked Jenu's pockets, then stood up and walked into the bedroom. He quickly found the small golden key that he was looking for and slipped it into his coat pocket.



"I can't help but feel it's something of a self insert.\"/speak Marnie \"Really? So who do you think is Clara?\"/pause 500/emote Caroline 40/speak Caroline \"Leah, do you think?\"/pause 500/speak Marnie \"Hmmm, maybe. She's not really train stewardess material though, is she?\"/pause 1000/speak Evelyn \"Horatio was really rather hopeless though, wasn't he?#$b#I would've thought her better suited with Gozman.#$b#It's a pity he never confessed his feelings to her.\"/speak Jodi \"Oh, hello @! Welcome to our book club. We were just discussing 'Camellia Station'.#$b#Have you read it?\"/quickQuestion #I've been meaning to.#Oh yes, it was wonderful. I cried.#I tried, it wasn't for me.#Oh, I don't read.(break)speak Jodi \"Oh... you should! Especially since it's dedicated to you.#$b#But I suppose with farm life you get very little time to read?\"(break)speak Jodi \"Oh, me too! Especially that ending. Who knew Elliott had such a romantic soul?$2\"(break)speak Jodi \"That's a pity. Especially since it's dedicated to you.#$b#I suppose his use of language does take a bit of getting used to.\"(break)speak Jodi \"You don't? You're missing out. Still, to each their own, I guess.\"/pause 500/speak Evelyn \"You know, I see a bit of Clara in you, @.#$b#With a few changes, of course, but she has your spirit, your determination. Your fierce dedication.#$b#Oh...!#$b#I think our Elliott has feelings for you?\"/


958700:     'Camellia Station'... It's a romance novel about a train stewardess who falls in love with a traveling architect...
Chapter One.
'Your ticket, sir?' Ticket collector Gozman extended a gloved hand towards the young commuter. 'Ah, yes. I have it right here,' he replied, reaching into his coat pocket. Mortified, he discovered that the ticket was missing....
...'Clara, there's something I must tell you,' he blurted as she turned to leave. Clara turned, slowly, and saw the look of desperation in Horatio's eye. At that moment Gozman burst into the compartment, red-faced.
*/





    ]
}