{
    "Changes": [

// Emily, the kids and some of the others gather to paint eggs
{   "Action": "EditMap",
	"Target": "Maps/CommunityCenter_Refurbished",
	"FromFile": "assets/CommunityCenter_Classroom_EggFest.tmx",
	"FromArea": { "X": 7, "Y": 14, "Width": 14, "Height": 15 },
    "ToArea": { "X": 7, "Y": 14, "Width": 14, "Height": 15 },
	"When": { "Season": "spring",
                "Day":"12"
		 	}
		},
{   "Action": "EditData", 
    "Target": "Data/Events/Farm",
    "Entries":{ 
        "69660005/e 191393/z summer/z winter/z fall/U 6/t 600 900": "continue/64 15/farmer 64 16 2 Emily 64 18 0/pause 1500/speak Emily \"Hi @! Your farm's looking great!#$b#hey, the Egg Festival's next week...#$b#... And we've decided to have an egg painting party!\"/pause 500/emote farmer 16/pause 1500/speak Emily \"If you want to join us, come to the Community Center on Friday morning.#$b#It'll be fun!#$b#Anyway, see you!\"/pause 500/faceDirection Emily 2/pause 1500/end"
            }
 },/*
{   "Action": "EditData", 
    "Target": "Data/Events/CommunityCenter",
    "Entries":{ 
        "69660006/e 69660005/z summer/z winter/z fall/U 12/t 1000 1400": "continue/"

    }
},*/
//Adjusts their schedules for the day
{   "Action": "EditData",
    "Target": "Characters/schedules/Jas",
    "Entries": {
        "spring_12":"820 CommunityCenter 18 20 3 \"Strings\\schedules\\Jas:spring_{{random:1201,1202,1203 |key=EggFest}}\"/1400 Town 85 103 2/1620 Town 16 91 0/1750 AnimalShop 4 7 2/2100 AnimalShop 1 7 3 jas_sleep"
        }
    },
{   "Action": "EditData",
    "Target": "Characters/schedules/Vincent",
    "Entries": {
        "spring_12":"900 CommunityCenter 14 21 1 \"Strings\\schedules\\Vincent:spring_{{random:1201,1202,1203 |key=EggFest}}\"/1400 Town 83 100 3/1620 Town 15 90 1/1740 SamHouse 4 8 0/2000 SamHouse 8 22 3 vincent_sleep"      
    }
},
{   "Action": "EditData",
    "Target": "Characters/schedules/Eloise",
    "When": {   "HasMod": "Lemurkat.JacobEloise.CP" },
    "Entries": {
        "spring_12":"630 Town 100 95 1 \"Strings\\schedules\\Eloise:schoolday.004\"/900 CommunityCenter 18 25 3 \"Strings\\schedules\\Eloise:spring_{{random:1201,1202,1203 |key=EggFest}}\"/1400 Town 88 103 2/1640 EastScarpe 19 68 1/1800 VetHouse 24 15 0/2100 VetHouse 33 23 2"
    }
},
{   "Action": "EditData",
    "Target": "Characters/schedules/Haley",
    "Entries": {
        "spring_12":"900 CommunityCenter 9 23 0 \"Strings\\schedules\\Haley:spring_{{random:1201,1202,1203 |key=EggFest}}\"/1400 Town 23 22 2/1630 HaleyHouse 19 16 0 square_5_1_0/2000 HaleyHouse 5 7 0 square_5_5/2230 HaleyHouse 1 5 3 haley_sleep"
    }
},
{   "Action": "EditData",
    "Target": "Characters/schedules/Penny",
    "Entries": {
        "spring_12":"830 Trailer 6 5 0/900 CommunityCenter 11 20 2 \"Strings\\schedules\\Penny:spring_{{random:1201,1202,1203 |key=EggFest}}\"/1400 Town 88 100 2/1620 Town 17 90 3 penny_wave_left/1750 Forest 92 20 3 penny_wave_left/1830 Trailer 4 9 1 penny_sleep"
    }
},
{   "Action": "EditData",
    "Target": "Characters/schedules/Clint",
    "Entries": {
        "spring_12":"830 CommunityCenter 14 26 1 \"Strings\\schedules\\Clint:spring_{{random:1201,1202,1203 |key=EggFest}}\"/1400 CommunityCenter 62 14 0 square_3_1_0/1700 Saloon 19 23 3/2400 Blacksmith 10 4 1 clint_sleep"
    }
},
{   "Action": "EditData",
    "Target": "Characters/schedules/Emily",
    "Entries": {
        "spring_12": "900 CommunityCenter 16 19 2 \"Strings\\schedules\\Emily:spring_{{random:1201,1202,1203 |key=EggFest}}\"/1530 Saloon 15 17 0 square_5_1_0/2430 HaleyHouse 21 4 1 emily_sleep"
        }
    },
//Changes Emily's Egg Fest dialogue to indicate that she's not painting them alone
{  "LogName": "Egg Festival Dialogue",  
    "Action": "EditData",  
    "Target": "data/festivals/spring13",
    "When": {   "HasSeenEvent":"69660006"   },
    "Entries": {
            "Emily": "I hope you find lots of eggs today! The kids painted some specially for you!"
            }
        },
//Schedules dialogue
{	"LogName": "EggFest Strings - Jas",
    "Action": "EditData",
    "Target": "Strings/schedules/Jas",
    "Entries": {
        "spring_1201": "I'm painting a chicken on this one! It's for Uncle Shane.$1",
        "spring_1202": "What's your favourite color, farmer @? Mine's green! But I really like purple too...$1",
        "spring_1203": "Oh no! I dripped some paint on my dress.$3"
                }				
                },
{	"LogName": "EggFest Strings - Vincent", 
    "Action": "EditData",
    "Target": "Strings/schedules/Vincent",
    "Entries": {
        "spring_1201": "I'm painting the whole rainbow on this one!$1",
        "spring_1202": "Oops! Mom's gonna be so mad! I got paint on my clothes.$3",
        "spring_1203": "Check out my egg, farmer @! Do you like it?"      }			
        },
{	"LogName": "EggFest Strings - Eloise", 
    "Action": "EditData",
    "Target": "Strings/schedules/Eloise",
    "When": {   "HasMod |contains=Lemurkat.JacobEloise.CP":true },
    "Entries": {
        "schoolday.004": "We're going to paint eggs today Dad! Look for mine tomorrow. They'll have birds on them, instead of in them!",
        "spring_1201": "I've been trying to get Mr. Clint to tell me stuff. But he doesn't seem to want to talk.",
        "spring_1202": "Mr. Clint's egg is real pretty. Can you tell him, farmer @? He won't believe me.$3",
        "spring_1203": "Do you like my egg, farmer @? I tried to paint a pelican, but it came out all wrong.$2"    }				
        },
{	"LogName": "EggFest Strings - Clint", 
    "Action": "EditData",
    "Target": "Strings/schedules/Clint",
    "When": {   "HasMod|contains=Lemurkat.JacobEloise.CP": false },
    "Entries": {
        "spring_1201": "I'm not even sure why I'm here... But Emily asked.$2",
        "spring_1202": "This egg's such a mess... I'm no artist.$2",
        "spring_1203": "*sighs* I was trying to paint a special egg for Emily... but it looks terrible. She's not going to want it.$2"    }				
        },
{	"LogName": "EggFest Strings - Clint", 
    "Action": "EditData",
    "Target": "Strings/schedules/Clint",
    "When": {   "HasMod|contains=Lemurkat.JacobEloise.CP":true },
    "Entries": {
        "spring_1201": "Ellie really asks a lot of questions, doesn't she?$2",
        "spring_1202": "*sighs* I was trying to paint a special egg for Emily... but it looks terrible. She's not going to want it.$2",
        "spring_1203": "I'm not even sure why I'm here... But Emily asked.$2"   }			
        },
{	"LogName": "EggFest Strings - Emily",
    "Action": "EditData",
    "Target": "Strings/schedules/Emily",
    "Entries": {
        "spring_1201": "Oh, that egg's so pretty Vincent! So colorful! And Shane's going to love yours, Jas.$1",
        "spring_1202": "I don't think Clint's very happy. Maybe I shouldn't have invited him... but he needs to make friends.$2",
        "spring_1203": "I like to decorate eggs with people in mind. Do you think these colors capture the essence of Haley?"
           }				
     },
{	"LogName": "EggFest Strings - Penny", 
    "Action": "EditData",
    "Target": "Strings/schedules/Penny",
    "Entries": {
        "spring_1201": "It's nice to be able to relax from teaching and express my creativity.$1",
        "spring_1202": "Do you think these colors go well together? No? I'm not sure either.$2",
        "spring_1203": "I hope people find my eggs tomorrow! I wouldn't want for them to go rotten."      
            }			
        },
{	"LogName": "EggFest - Haley", 
    "Action": "EditData",
    "Target": "Strings/schedules/Haley",
    "Entries": {
        "spring_1201": "*yawns* Emily woke me up early for this? Well, I suppose it's kind of fun.",
        "spring_1202": "I've been working on this egg all morning, @. Silly, isn't it? But I want it to be perfect.$1",
        "spring_1203": "Why wouldn't I help my sister out? Besides, this is actually really fun.$1"    }				
        }

    ]
}