{
    "Changes": [

// Denver, Mike and Juliet gather to jam
{    "Action": "EditMap",
    "Target": "Maps/CommunityCenter_refurbished",
    "MapProperties": {   "Music": "heavy"     }
        },
{   "Action": "EditMap",
	"Target": "Maps/CommunityCenter_Refurbished",
	"FromFile": "assets/CommunityCenter_Classroom_EggFest.tmx",
	"FromArea": { "X": 25, "Y": 18, "Width": 2, "Height": 2 },
    "ToArea": { "X": 25, "Y": 18, "Width": 2, "Height": 2 }
    },
{
    "LogName": "Animation Descriptions",
    "Action": "EditData",
    "Target": "Data/animationDescriptions",
    "Entries": {
        "denver_perform": "25/25 25 25 26 26 26 25 25 25 26 26 26 25 25 25 26 26 26 25 25 25 26 26 26 25 25 25 26 26 26 25 25 25 26 26 26 25 25 25 26 26 26 25 25 25 26 26 26/25",
        "mike_perform": "24/24 24 24 25 25 25 24 24 24 25 25 25 24 24 24 25 25 25 24 24 24 25 25 25 24 24 24/24"
        }
       
    },


{   "LogName": "Schedule",  
    "Action": "EditData",  
    "Target": "Characters/schedules/Denver",
    "Entries": {	
        "rain": "700 CommunityCenter 24 17 0/1000 CommunityCenter 24 18 denver_perform \"Strings\\schedules\\Denver:Guitar_{{Random:Gt1, Gt2, Gt3}}\"/1400 Town 49 101 2/1600 Town 47 88 0/1800 Saloon 1 18 0/2300 BoardingHouse 39 6 3"
     }
        },      
{   "LogName": "Schedule",  
    "Action": "EditData",  
    "Target": "Characters/schedules/Mike",
    "When": {   "HasMod":"SYS.mike" 	},
    "Entries": {	
        "rain": "610 Town 104 89 2 mike_read/830 CommunityCenter 27 17 0 mike_perform \"Strings\\schedules\\Mike:Guitar_{{Random:Gt1, Gt2, Gt3}}\"/1400 Saloon 11 20 0/1800 Beach 43 36 2/2200 Saloon 40 17 2"
        }
    },
{   "LogName": "Schedule",  
    "Action": "EditData",  
    "Target": "Characters/schedules/Cecilia",
    "When": {   "HasMod":"balverines.cecilia" 	},
    "Entries": {	
            "rain": "800 Town 44 90 2/900 CommunityCenter 28 16 2 cecilia_dance \"Strings\\schedules\\Cecilia:Guitar_{{Random:Gt1, Gt2, Gt3}}\"/1400 Town 9 60 0/2000 GhostHouse 4 5 0/2300 GhostHouse 12 4 1 cecilia_sleep"
        }
    },
{   "LogName": "Schedule",  
    "Action": "EditData",  
    "Target": "Characters/schedules/Juliet",
    "Entries": {	
    "rain": "700 LodgingHouse 21 16 3/900 CommunityCenter 25 20 0 Juliet_drums \"Strings\\schedules\\Juliet:Guitar_{{Random:Gt1, Gt2, Gt3}}\"/1400 Town 95 51 0/1600 LodgingHouse 17 17 0/2200 LodgingHouse 27 6 2 Juliet_sleep"
        }
    },
{	"LogName": "Jamtime - Denver",
    "Action": "EditData",
    "Target": "Strings/schedules/Denver",
    "Entries": {
        "Guitar_Gt1":  "%Denver is focused on his music. Best to leave him alone.",
        "Guitar_Gt2": "I need to practice a lot so that I don't get rusty.$h",
        "Guitar_Gt3": "Man, this kinda makes me miss my band days."
            }
        },
{	"LogName": "Jamtime - Mike",
    "Action": "EditData",
    "Target": "Strings/schedules/Mike",
    "When": {   "HasMod":"SYS.mike" 	},
    "Entries": {
        "Guitar_Gt1": "This is not my type of music... but it is fun to be part of a band.$1",
        "Guitar_Gt2": "What? I am sorry, I cannot hear you.$2",
        "Guitar_Gt3": "%Mike is caught up in the music."
            }
        },
{	"LogName": "Jamtime - Juliet",
    "Action": "EditData",
    "Target": "Strings/schedules/Juliet",
    "Entries": {
        "Guitar_Gt1": "%Juliet is really pounding the drums. It looks exhausting.",
        "Guitar_Gt2": "Hey @! This next song is for you!$1",
        "Guitar_Gt3": "@! Check this out! We're a band!$1"
            }
        },
{	"LogName": "Jamtime - Cecilia",
    "Action": "EditData",
    "Target": "Strings/schedules/Cecilia",
    "When": {   "HasMod":"balverines.cecilia" 	},
    "Entries": {
        "Guitar_Gt1": "%Cecilia is enjoying the music.",
        "Guitar_Gt2": "They're really good, aren't they?$h",
        "Guitar_Gt3": "Come to enjoy the music, @?"
            }
        },
{   "Action": "EditData",  
    "Target": "Characters/Dialogue/Linus",
    "Entries": { 
        "CommunityCenter": "Good afternoon, my friend. Ah yes, they are noisy, but it is grand to hear such spirited enthusiasm.$1"
        }
    },
    ]
}