{
    "Changes": [
        {
            "LogName": "Dialogue 6-hearts",
            "Action": "EditData",
            "Target": "Characters/Dialogue/MisterGinger",
            "When": {
                "HasSeenEvent |contains=50706121": false
            },
            "Entries": {
                "Introduction": "喵呜？喵！$1",
                "Mon": "喵？",
                "Tue": "喵喵！$1",
                "Wed": "喵呜呜呜。$2",
                "Thu": "喵！$1",
                "Fri": "喵嗷呜呜呜。",
                "Sat": "喵喵喵喵喵呜？$2",
                "Sun": "喵！$1",
                "Town_54_71": "喵嗷呜呜 喵呜！$3",
                "MrG_Friend": "喵！",
                "MrG_Rid": "喵呜。",
                "rejectNPCA": "喵！$5",
                "rejectNPCB": "%橘先生闻了闻，把屁股对着你。看来他不感兴趣。",
                "engageA": "喵嗷....嘶嘶！$5",
                "engageB": "%橘先生看起来不是很满意。",
                "marriedA": "喵呜....呜嗷！$5",
                "marriedB": "%橘先生好像不开心。",
                "refusal_no_heartsA": "喵！$5",
                "refusal_no_heartsB": "喵喵喵。$5",
                "Resort_Entering": "喵喵！$1",
                "Resort_Leaving": "喵呜！",
                "Resort_Shore": "%橘先生正在跟踪螃蟹。#$b#呜喵！$a",
                "Resort_Umbrella": "喵呜呜呜呜呜。$3",
                "Resort_Wander": "喵!",
                "Resort_Bar": "喵呜喵？",
                "Resort": "喵!"
            }
        },
        {
            "LogName": "Dialogue 6-hearts",
            "Action": "EditData",
            "Target": "Characters/Dialogue/MisterGinger",
            "When": {
                "HasSeenEvent |contains=50706121": true
            },
            "Entries": {
                "Resort_Entering": "姜岛，橘色的天地，对吧？欢迎来到我的王国。尽管在场的所有人都没发现我的重要性。$1",
                "Resort_Leaving": "该走啦。下次再抓你们，小鸟！",
                "Resort_Shore": "哦哦，这里有各种各样的风味佳肴，很适合像我这种海鲜行家。#$b#嗯，螃蟹稍微脆了一点。",
                "Resort_Umbrella": "啊，这才是生活。",
                "Resort_Wander": "好，是时候来捕猎了——我当然没有想捉鸟。你把我当成什么了？#$b#当成猫？嗯，好吧...有理有据！不过世界上还有很多比小鸟更邪恶的东西！",
                "Resort_Bar": "嗯，我想知道格斯会不会给我做一杯美味的鸡尾酒...",
                "Resort": "阳光和世界上最大的垃圾箱——我想不到比这更适合度过一天的地方了！",
				"danceRejection": "别信书上说的。猫不跳舞。",
                "divorced": "...喵呜...$5",
                "breakUp": "那好吧，反正阿比盖尔挠我头挠得更舒服。$2",
                "give_flowersA": "这是用来干嘛的？什么奇怪的人类仪式吗？还是猫薄荷？$3#$b#噢，我当然接受啦！尽管这肯定是皮埃尔的什么“致富”计划。$4",
                "give_flowersB": "哦哦，我闻到的是猫薄荷的味道吗？你太了解我了，@！#$b#好啦，好啦，我也很喜欢和你在一起。",
                "give_pendant": "噢，拴在绳子上的玩具。*蝙蝠吊坠*，你这是邀请我和你一起住吗？$4#$b#随时都能吃到新鲜的鱼和奶酪？那我怎么能拒绝呢！$3",
                "Town_54_71": "嘿，贪吃鬼！你觉得你有锋利的牙齿还会整天吐舌头，就很厉害吗？$4#$b#但你还是只能呆在那里看着，而我能到处乱跑！$1",
                "Town_56_21": "$d cc#那么，你觉得这里面有什么，@？是不是又神秘又被施了魔法，还装满了鱼和奶酪啊？$5#$b#不是的？呃，真是失望。$2|我听见里面有动静，@。不是老鼠也不是鸟，是某种神奇的东西。#$b#我想知道它们尝起来会是什么味道。$1",
                "Forest_29_12": "嗨@！你也是来品尝戈托罗帝国的美食的吗？$4",
                "Mon": "所有人都可以和动物说话，但很少有人会去真正倾听。#$b#是的，我是在夸你。但别养成习惯了。我还保持自己的名誉呢。",
                "Mon8": "有时候我想知道当人是什么感觉。#$b#然后我就醒了，毛发直竖，大松了一口气。还好只是场梦。$3#$b#开玩笑啦。有手指的感觉一定很好，虽然我喜欢管它们叫“爪子工具”。$1",
                "Mon10": "你的陪伴让我非常愉快，@。我很少给人类这么高的评价。",
                "Tues": "嗯...星期二...威利会不会清理他的冰箱呢...#$b#要一起来吗，@？可能会发现美味的动物内脏哦！$1",
                "Tue8": "小文森特总是自言自语，说他想娶潘妮小姐。#$b#愚蠢的小家伙。任何长了眼睛的人都能看出她喜欢的是别人。#$b#至于是谁，这就是个问题了。$3",
                "Tue10": "你相信童话故事吗，@？贾斯总是念给我听。#$b#我最喜欢的是《月亮以东，太阳以西》那一篇。你听说过吗？",
                "Wed": "作为一个人类而言，@，你还挺不错的。比那个讨厌的家伙皮埃尔强多了。#$b#你知道他叫我什么吗？害虫！害虫！！$5",
                "Wed8": "贾斯和我一起去看了电影，那部主角是猫的。#$b#不知道我能不能也用我的爪子拿起刀呢...",
                "Wed10": "我喜欢和贾斯住在一起。但她已经长大了，大概很快就不需要我了。#$b#那样的话，我也不知道该怎么办...$2",
                "Thu": "好吧，我承认，我是挺喜欢贾斯的。总得有猫照看那个小姑娘。#$b#教她那些恶作剧的伎俩。$1#$b#什么？不。我说的每句话都真心实意。$3",
                "Thu8": "你今天给我带鱼了吗？还是一块美味的奶酪？$4",
                "Thu10": "$q 910/911 MrG_Fairytale#如果可以的话，你愿意变成一只猫吗？#$r 910 50 MrG_Fairytales_Yes#想都不用想，当然愿意！#$r 910 50 MrG_Fairytales_Human#如果可以的话，你愿意变成人类吗？#$r 911 -5 MrG_Fairytales_No#不，当人还挺好的。#$r 911 -25 MrG_Fairytales_NoWay#绝对不可能！为什么我要变成你这样？",
                "MrG_Fairytales_Yes": "你当然会愿意啦！毕竟我们可是高人一等的种族。",
                "MrG_Fairytales_Human": "噢，那也行啊。我已经想到好多有了手以后可以做的事了！$1#$b#我是说，开猫粮罐头之类的！不然你以为是什么？$4",
                "MrG_Fairytales_No": "你不想整天躺在阳光下，追追蝴蝶，让别人给你挠挠头吗？好吧，这是你的损失。$4",
                "MrG_Fairytales_NoWay": "噢...我只是在想你可能会...好吧，那就这样。$2",
                "MrG_Fairytale": "$p 910#你知道青蛙王子的故事吗？之前我问拉斯这种事行不行得通……他立马告诉我“不可能”。$2|嘿，如果你从树上掉下来的话，你会用双脚着地吗？不出所料！果然猫才是高贵的种族。$4",
                "Fri": "星期五...我的传统吃鱼之夜。#$b#嗯...我觉得今天很适合去钓鱼。你觉得呢？$1",
                "Fri8": "你今天要去酒吧吗，@？能不能给我顺一点格斯的美味鱼糕啊？#$b#不知道为什么，他好像不是很欢迎我的到来。",
                "Fri10": "格斯和我曾经是朋友，直到后来因为一盘烤鱼，发生了一些误会...#$b#我怎么可能会知道他把那盘鱼放在那里，是在特意等它凉下来啊？",
                "Sat": "什么？我才没有跟着你呢。只是正好顺路而已。不用谢。",
                "Sat8": "我捉到了一只老鼠，把它带给玛妮。结果她尖叫了起来。#$b#有些人就是不懂得欣赏我的辛勤工作。",
                "Sat10": "你的农场里有老鼠吗，@？我可以很荣幸地向你介绍我的害虫防治服务。$1#$b#我开的价格很合理：奶酪或者鱼都行。$4",
                "Sun": "和拉斯莫迪斯在一起的感觉还行吧。嗯，你也是，@。只是还行而已。就差不多的那种还行。$1",
                "Sun8": "艾米丽这姑娘不错。不过那个闻起来像热烘烘的金属的家伙？#$b#谁都看得出来他喜欢她...#$b#但他还是没有向她表白。人类的求爱方式真是复杂到可笑。",
                "Sun10": "这或许是件不可思议的事：如果你是优秀的聆听者，人们会告诉你很多事情。#$b#我知道很多秘密，@。你不想知道吗——但是我是猫呀！$3",
                "summer_Mon": "人类真是奇怪的生物，@。他们花大把时间收集无用的东西，还总是杞人忧天...#$b#...他们就不能做点更有意义的事吗？比如睡觉？$4",
                "summer_Mon8": "谢恩昨晚不小心把我关在鸡舍里了！#$b#我告诉你，鸡可不是好惹的家伙。我花了几个小时才把自己的毛整理好！$2",
                "summer_Tue": "$d joja#那个叫莫里斯的怪家伙晚上在镇上鬼鬼祟祟的。我要是你的话，会对他留个心眼。|那个镇长，刘易斯？我看见他晚上在镇上鬼鬼祟祟的。我有点怀疑他。$5#$b#我觉得他在打什么鬼主意。",
                "summer_Tue8": "鸡可能脾气有点暴躁，但它们还挺好笑的。鹅的话就是另一回事了...#$b#鹅都超级邪恶。@，远离鹅类！",
                "summer_Tue10": "我给你带了礼物，希望你会喜欢...$6[136 145 138]",
                "summer_Wed": "贾斯在给我读关于矮人的书的，但我觉得她连基本事实都没搞清楚。#$b#再说了，“喷嚏”到底是哪门子名字啊？",
                "summer_Thu": "很高兴我们现在能正常交流了。在这里我很难和别人进行智慧生物之间的交流。#$b#为什么人们和猫说话的时候，语气就像我们是小婴儿一样？这太耻辱了。",
                "summer_Fri": "虽然你有手，但是你有锐利的爪子吗？我想也没有！",
                "summer_Sat": "猫，经过进化与磨练，已经成为了完美的杀人机器。#$b#要是我们体型和你一样大，我们已经统治全世界了。#$b#但是我们还是需要别人来帮我们开罐头。",
                "summer_Sun": "那个紫色头发的姑娘？阿比盖尔。我认可她！#$b#她总是偷偷从后门给我带剩饭吃。",
                "summer_Sun8": "你认识阿比盖尔吗？她闻起来就像夜晚的私语。让我很感兴趣。#$b#有时候我甚至觉得她或许，有可能，可以理解我。",
                "fall_Mon": "贾斯对鸟类产生了兴趣。#$b#我想告诉她一共只有三种类型的鸟：能吃的，叽叽喳喳的，还有爱吓人的。#$b#但她不相信。",
                "fall_Mon8": "你知道，如果人们能听懂鸟到底在说什么，就没那么喜欢他们了。",
                "fall_Tue": "你知道那个紫色头发的姑娘叫我什么吗？小南瓜？！我才不是什么愚蠢的、胖嘟嘟的水果。#$b#不管怎样，她对我很好，所以我也没法抱怨什么。但是南瓜也太过分了！",
                "fall_Wed": "你不喜欢清爽的秋色吗？那么多的蓝色和绿色！#$b#你说秋天是红色和橙色的？认真的？你们人类的色彩视觉真奇怪。",
                "fall_Thu": "“噢，让我看看谁是可爱的小猫咪啊”。这是哪门子的说法？#$b#我是说，老奶奶人很好。但是“可爱的小猫咪”？？！",
                "fall_Fri": "你好@。希望你今天能钓到很多鱼！",
                "fall_Sat": "那个个子挺高的男性人类，头发颜色挺淡的那个？他叫我“鹅”，还冲我哈哈大笑。#$b#但我又不是那些暴躁又愚蠢的鹅！人类真是缺少智慧。",
                "fall_Sun": "你知道，今天很适合看着阳光透过树叶，在地上映出各种图案。$3#$b#你觉得那边的影子像鸽子吗？一只又大，又肥，又美味的鸽子。$1",
                "winter_Mon": "我觉得我应该事先通知你，@，镇上所有的垃圾桶都是归我的。#$b#没错，有时候我会让莱纳斯先翻。这很公平。毕竟他可没有我的捕猎技巧。",
                "winter_Tue": "我一直在玩那个你们叫作“互联网”的东西。#$b#那是我们猫科动物的圣地吗？$3",
                "winter_Wed": "你见过马龙了吗？如果他是一只猫，那他一定是那种战功赫赫的领头猫。",
                "winter_Wed8": "我和马龙昨晚去巡逻了。害虫防治，懂吗？#$b#不是老鼠啦！是另一种害虫。让我毛发直竖的那种。",
                "winter_Wed10": "你听说过“巫术时刻”吗？就是世界陷入沉睡，虚空开始苏醒的时刻。#$b#世界上有宵禁是有理由的。注意安全，@。你要是出事了，我会心烦意乱的。",
                "winter_Sun10": "拉斯没什么朋友，但我看到过他和树林中的那个隐士在一起。#$b#你知道，就是莱纳斯。那个闻起来像肥沃土地和新鲜鱼肉的家伙。",
                "spring_Sun_inlaw_Shane": "你那个爱养小鸡的臭家伙怎么样了？他已经不那么臭了？挺好的！$1",
                "spring_Sun_inlaw_Emily": "听说你现在和一只鸟住在一起。想想吧。你本来可以选择我的，但你却选了一只鸟。#$b#好吧，毕竟人各有所好嘛。至少艾米丽还挺有意思的。",
                "spring_Sun_inlaw_Abigail": "阿比盖尔不再和那对无聊夫妇住在一起以后，她变得开心多了。$1#$b#替我向她问好！$4",
                "spring_Sun_inlaw_Sebastian": "那个忧郁的乌鸦小子能让你快乐吗？行吧，人各有所好嘛。",
                "spring_Sun_inlaw_Sam": "山姆会让你想到金毛猎犬吗？热情又健壮，你一夸他就开心地直打转？#$b#还是只有我这么想？",
                "spring_Sun_inlaw_Elliot": "自命不凡先生给你写诗了吗？其实我也会写诗。#$b#“玫瑰是蓝色的，紫罗兰也是蓝色的...”#$b#什么？是啊，我是色盲。但你会夜视吗？我就知道你不会！",
                "spring_Sun_inlaw_Penny": "哈，你和潘妮结婚，小文森特嫉妒死了！人类真是愚蠢。",
                "spring_Sun_inlaw_Maru": "那个科学姑娘还没把你的房子烧了？真不错。#$b#你得小心着她点。她闻起来就像草莓和冰冷的金属，太诡异了。",
                "spring_Sun_inlaw_Krobus": "你身上有一种有趣的气味，@。像是阴影和...#$b#...虚空的迹象？还有...下水道？你最近到底干了什么啊？",
                "spring_Sun_inlaw_Leah": "莉亚的小屋已经空了，老鼠们搬了进去。#$b#我挺想她的。她总是给我大块的奶酪吃，还对我说好话。",
                "spring_Sun_inlaw_Harvey": "嘿，我们的朋友毛毛虫脸来啦！#$b#什么？别告诉我你从来没觉得哈维长得像一只大个毛毛虫！$4",
                "spring_Sun_inlaw_Haley": "啊，你觉得你可爱的妻子愿意给我拍几张照片吗？#$b#好歹我也是只很帅的猫，你不觉得吗？#$b#我的照片会引起轰动的。",
                "spring_Sun_inlaw_Alex": "你那个汗津津的运动男还在追逐他的梦想吗？做一个...什么来着？专门踢球的明星？#$b#他没有？果然人类都是这样——不去追逐梦想，这样它就永远不会破灭了。对吧？",
				"spring_Sun_inlaw_Sophia": "不得不说，@，我很认可你的妻子。#$b#上回我溜到她那里，她给了我奶酪吃，还很熟练地挠了我的下巴。$3",
                "spring_Sun_inlaw_Victor": "你丈夫这人真奇怪...他看了我一眼，就哽咽出声：“噢，杜威！”#$b#他在说他的眼睛吗？的确看起来有些潮湿。",
                "spring_Sun_inlaw_Olivia": "你妻子的眼神就像锐利的匕首，@。她就是那种想要全天下的斑点狗的女人。#$b#我不信任她，一点都不。她看上去是会穿皮草的那种类型。",
                "spring_Sun_inlaw_Nikolai": "那天我和小箱子聊了几句，虽然他不是健谈的那种类型。#$b#他想再见你和尼克一面。不过要记得带上鱼！",
                "spring_Sun_inlaw_Denver": "先别紧张，但是我看见晚上有又大又黑的讨厌鬼在你的农场上晃悠。#$b#让我的毛都竖了起来。$2#$b#转念一想，你应该紧张才对！赶快紧张起来！$5",
                "spring_Sun_inlaw_Wizard": "真高兴拉斯不再是一个人了。尽管我觉得要是你跟他呆久了，肯定也会觉得他无聊。",
                "spring_Wed_inlaw_Jasper": "先别紧张，但是我看见晚上有人在你的农场上晃悠。#$b#不！不是我啦！我在搞害虫防治，这可是个大项目！是别人。身上闻起来有很深的土地气息。$3.",
                "spring_Sun_inlaw_Luckiel": "你被他施了法术，对吧？那双金色的眼睛的确挺吸引人的。不过人各有所好。",
                "Spring_Sun_inlaw_Jade": "昆虫夫人搬进来住了啊？她有给你介绍那些爬来爬去的“朋友”吗？#$b#事先警告：记得抖抖你的鞋子。你永远也不知道里面会钻进什么。",
                "LuckielArrives": "别担心，@。要是那个恶心的恶魔敢靠近贾斯，看我把他的眼睛抓出来！$5",
                "ReputationIncreased": "那个脾气不太好的恶魔好像在这过得挺舒坦的。作为怪物而言，他还挺有魅力的，你觉得呢？#$b#我才不会被他那种坏小子的魅力迷倒。我还没有准备好信任他。$5",
                "AbandonedBride": "你昨晚听到那个可怕的尖叫声了吗？贾斯都吓得睡不着了。$2",
                "AquariumDonated:Pufferchick": "嘿@，我听说他们在水族馆展览了一条古怪的新品种鱼。#$b#你觉得它尝起来是像鱼呢...还是像鸡肉？#$b#或许我们应该哪天一起去弄个明白？", 
                "MrG_Friend": "听到这个我很高兴，@。",
                "MrG_Rid": "噢...$2#$b#好吧。真是抱歉啊，用我“荒谬的”猫科动物情绪打扰了你。$5#$b#你去享受你的野餐吧。反正我肯定不去。$2",
                "stardrop_gift": "我发现了这个奇怪的果实。看起来超级难吃，所以我觉得你可能会喜欢。$1#$b#它让我觉得有点温暖，有点刺激，就像被恰到好处地挠了脑袋一样。说起挠脑袋的话...$l",
                "rejectNPCA": "这是什么东西？为什么你觉得我想要这个？",
                "rejectNPCB": "花？花对猫有什么用处？难道花对任何人有用处吗？",
                "reject_two_heartA": "花？花对猫有什么用处？难道花对任何人有用处吗？",
                "reject_two_heartB": "啊啊啊——啾！把它拿远点！$5",
                "reject_four_heartA": "花？花对猫有什么用处？难道花对任何人有用处吗？",
                "reject_four_heartB": "啊啊啊——啾！啊，花粉！把它拿远点！$5",
                "engageA": "唔，你应该知道我是只猫吧？$3#$b#另外，我还以为你们人类是一夫一妻制的。$1",
                "engageB": "你想和我结婚？是老鼠吃掉了你的脑子吗？$2",
                "marriedA": "搬进来跟你和%spouse一起住？听上去有些拥挤。#$b#而且我也需要隐私。我可不想整天被“小猫小猫来这儿”地使唤来使唤去！",
                "marriedB": "噢，@，我很喜欢你。但还得和%spouse住在一起？#$b#请容我拒绝。$2",
                "refusal_no_heartsA": "这是什么玩具吗？把它从我脸上拿开！说起来，你到底是谁啊？",
                "refusal_no_heartsB": "噢，你想逗猫玩啊。走开走开！",
                "refusal_knownA": "我挺喜欢你的，@。但我可不能离开牧场。",
                "refusal_knownB": "和你一起住？如果没了我的话，玛妮和贾斯该怎么办？#$b#你为什么不去邀请那个臭鸡男呢？",
                "refusal_botherA": "你开始惹恼我了...$5",
                "refusal_botherB": "把它冲着别人的脸晃荡去。我今天不想和你玩。"
            }
        },
        {
            "LogName": "Dialogue 6-hearts - removes Ras references",
            "Action": "EditData",
            "Target": "Characters/Dialogue/MisterGinger",
			"When": {    "HasSeenEvent |contains=50706121":true,
			             "HasMod |contains=Ran.HarvestGoddess":true
            },
            "Entries": {
                "MrG_Fairytales": "$p 910#你知道青蛙王子的故事吗？之前我问女神这种事行不行得通……#$b#她给了我一个忧伤的微笑。我觉得她的意思是“不可能”。$2|嘿，如果你从树上掉下来的话，你会用双脚着地吗？不出所料！果然猫才是高贵的种族。$4",
                "winter_Sun10": "女神很少跟人来往，但我看到过她和树林中的那个隐士在一起。#$b#你知道，就是莱纳斯。那个闻起来像肥沃土地和新鲜鱼肉的家伙。",
                "Sun": "和那个林中的女人在一起感觉还行吧。嗯，你也是，@。只是还行而已。就差不多的那种还行。$1"
            }
        },
        {
            "Action": "EditData",
            "Target": "strings/schedules/MisterGinger",
            "When": {
                "HasSeenEvent |contains=50706121": false
            },
            "Entries": {
                "winter_15.000": "喵喵！$4"
            }
        },
        {
            "Action": "EditData",
            "Target": "strings/schedules/MisterGinger",
            "When": {
                "HasSeenEvent |contains=50706121": true
            },
            "Entries": {
                "winter_15.000": "你好@！看看这景致，这声音，还有这气味：混杂着盐和鱼的香气，还有咖啡的点缀。啊，美味极了！$4",
                "marriage.000": "我不知道她哪来这么多精力。光是看着她，我就要累死了。",
                "marriage.001": "我不是打击你，但是玛妮的山羊奶酪是星露谷最棒的！",
                "marriage.002": "吐泡泡，吐泡泡；多辛劳，好烦恼...你是找我来治愈一下的吗？",
                "marriage.003": "这里有好多鱼。我猜贾斯一定知道它们的名字！",
                "marriage.004": "你好@！很高兴在这里见到你。$3",
                "marriage.005": "噢，没想到能在这儿见到你，@！我没在睡觉——只是闭目养神而已！"
            }
        },
        {
            "LogName": "Dialogue Jas",
            "Action": "EditData",
            "Target": "Characters/Dialogue/Jas",
            "Entries": {
                "fall_Mon4": "你见过橘先生了吗？他是只猫，但也不仅仅是猫。他是我的朋友！",
                "fall_Mon8": "你认识住在塔里的那个人吗？他是个法师哦。#$b#玛妮姑妈说我不该跟他说话，但他一直一个人住在塔里，一定很孤独吧。#$b#有时候橘先生会去拜访他。",
                "winter_Mon10": "你觉得拉斯莫迪斯先生像不像是从奎师塔门西的众世界来的啊？$3#$b#我怎么会知道他的名字？是橘先生告诉我的！$1#$b#噢，我知道猫不会说话。但橘先生不是普通的猫啦。#$b#那他是什么？这是一个秘密！",
                "summer_Tue6": "橘先生喜欢我给他读故事。他尤其喜欢《太阳以东...》那一篇。#$b#是讲一只熊的童话故事。不过他其实不是真的熊哦！他被施了法术！$1#$b#*咯咯笑*总之我只是想让你知道啦！没什么特别的理由！$4"
            }
        },
        {
            "LogName": "Marriage Dialogue",
            "Action": "EditData",
            "Target": "Characters/Dialogue/MarriageDialogueMisterGinger",
            "Entries": {
                "Rainy_Day_0": "今天外面有点潮湿。小心点，@。我可不想让你感冒。",
                "Rainy_Day_1": "啊，雨天就适合打个盹。等等，我这是在糊弄谁呢？#$b#每天都适合打盹！",
                "Rainy_Day_2": "贾斯喜欢给我读《美女与野兽》。你觉得和我们有没有一点像？#$b#噢，不过故事里的美女当然指的是我。看看这条漂亮的尾巴！",
                "Rainy_Day_3": "嗯，今天是捕猎青蛙的好日子。但我的毛会被打湿...#$b#猫生总是充满艰难的抉择，@。",
                "Rainy_Day_4": "你要出门吗？可以先帮我打开那个会说话的彩色盒子吗？#$b#别担心，我会把你最喜欢的那把椅子捂暖和的。",
                "patio_MisterGinger": "啊，我的王国！哦，不好意思，是我们的王国。这里真漂亮，对吧？",
                "spouseRoom_MisterGinger": "啊，今天该做什么呢？也许睡个午觉...或者读几本闲书。",
                "Rainy_Night_0": "你闻起来湿漉漉的，我猜你一定很冷吧。来，和我蜷缩在一起。#$b#我们可以互相取暖。$4",
				"Rainy_Night_1": "来和我一起缩成一团吧。或许喵-你能读个故事给我听吗？#$b#看看我都说了什么？噢，你真是可爱又暖和。$4",
                "Rainy_Night_2": "噢，你身上都湿了。不行！今天没有抱抱！#$b#呃，我可受不了我的毛被弄湿。#$b#我知道你见到我很开心...但你不能先把自己弄干吗？拜托了喵？$2",
                "Rainy_Night_3": "对不起。脱毛的季节好像到了，我的毛掉得到处都是。#$b#我本来想拿扫帚清理一下的。不过你看，我也没有手啊。",
                "Rainy_Night_4": "我整天都在捉老鼠，让家里免受害虫侵扰！#$b#不用客气。",
                "Rainy_Night_5": "我整天都在看电视？@，我得告诉你，我正在深入研究人类的行为模式。#$b#嗯，好吧。在电视上，如果人们直截了当地说出内心所想的话，人类的求爱就会更加容易。#$b#不过那样就没意思了。你说得没错。",
                "Indoor_Day_0": "啊-啊-啊-啾！你身上喷香水了吗？$2#$b#我更喜欢你自然的味道啦。阳光，刚割过的青草，还有木头燃烧的气味。#$b#闻起来有家的感觉。$3",
                "Indoor_Day_1": "你今天有什么计划？我希望会和鱼有关！你要去钓鱼吗？",
                "Indoor_Day_2": "昨天晚上我听到有东西在爬来爬去。看来有毛茸茸的入侵者来了。",
                "Indoor_Day_3": "我在晨间巡逻的时候找到了这个。我知道你喜欢亮晶晶的东西。[60 72 80 80 80 80 80 84 82]",
                "Indoor_Day_4": "你有没有想过这一切到底是为了什么？生命的意义是什么？宇宙万物又是怎么产生的？$4#$b#没错，我也没想过。$1",
                "Indoor_Night_0": "厨房里有几只老鼠，我把它们吃了。$4#$b#希望我不要闻起来像臭烘烘的老鼠。",
                "Indoor_Night_1": "在炉火前缩成一团...啊，这就是生活。#$b#谢谢你邀请我和你一起住，@。",
                "Indoor_Night_2": "所以，在午饭之前，我稍微小睡了一会儿...然后我得再来个午觉。#$b#我终于找到沐浴在阳光下的正确生活方式了...#$b#总之这就是我的一天。你今天过得如何？",
                "Indoor_Night_3": "你问我今天是怎么过的？基本都在盯着墙壁傻看。#$b#你呢？你过得如何？有做什么和鱼有关的事吗？",
                "Indoor_Night_4": "啊，坐在我旁边。我背上有个地方有点痒，我自己够不——#$b#噢，就是这里。嘿，谁说你可以停下来了？",
                "Outdoor_0": "早上有一只狐狸在鸡舍附近鬼鬼祟祟。别担心，我把他吓跑了。#$b#我还是镇上最强的动物！",
                "Outdoor_1": "晨间巡逻结束！这是给你的。[444]#$b#噢，我就不自欺欺猫了。扔给我。来，扔给我。#$b#哈，捉到了！去死吧，羽毛！",
                "Outdoor_2": "很好，我已经重新确立了我在农场的领头地位！#$b#噢，我没有伤害任何人啦！打架的第一守则：若无必要，切勿打架！只要表现出你的强大就好了。#$b#除非有东西想吃了你，那你就要为捍卫自己而战斗。这是今天的小贴士，不用客气。",
                "Outdoor_3": "晨间巡逻结束！没什么好报告的，你的山洞里也没有可疑的暗影生物。#$b#什么？你还是要去自己检查一下？那你就别听我说的了，反正我也无所谓。$4",
                "Outdoor_4": "*打嗝*不好意思，我刚刚吃掉了一只蝙蝠。希望不是你养的。",
                "funLeave_MisterGinger": "我要去镇上巡逻，见几个老朋友，类似的事情。要我给你带什么回来吗？",
                "funReturn_MisterGinger": "人类竟然会把这种东西都扔掉，也太浪费了！[143 223 148 226 228]#$b#如果你发现上面被咬过几口的话，别介意。",
                "OneKid_0": "%kid1学习能力很强嘛。他已经掌握了捋毛的艺术。$3",
                "OneKid_1": "我在网上买了点东西，我知道你不会介意的。#$b#噢，里面的东西是买给小孩的，但盒子是归我的！$1",
                "OneKid_2": "我知道%kid1还不识字，但你不能教教他怎么翻书吗？#$b#有时候我很无聊，%kid1又不会和我聊天。",
                "OneKid_3": "拜托，拜托，你能教%kid1怎么钓鱼吗？$4#$b#年纪太小了？噢。人类幼崽长得真慢。$2",
                "TwoKids_0": "我有坏消息要告诉你，@。我给%kid1带了一只老鼠，他尖叫了起来。#$b#恐怕他们是长不成优秀的猎手了。",
                "TwoKids_1": "不说谎话，我本来不确定自己能不能习惯家里有人类幼崽跑来跑去。#$b#但我开始喜欢上他们了。而且%kid1很会挠我的脑袋。",
                "TwoKids_2": "和一个小孩打打闹闹还算有趣，但是两个就...嗯，我们得训练他们别再到处乱咬。#$b#*叹气*人类的幼崽真是野蛮。",
                "TwoKids_3": "不开玩笑，我最喜欢的还是%kid1。%kid2的话...怎么说呢？有点活泼过头了。",
                "Good_1": "你是最棒的，@。没人比你挠脑袋挠得更好。对对，就这儿，耳朵旁边。#$b#你简直完美喵。如果别人说你坏话的话，别理他们，好吗？",
                "Good_2": "在外面的时候要注意安全，记得给我多抓点鱼！$1#$b#不过认真的，你不在家的时候，我也会想你。$3",
                "Good_3": "我很少给别人像你这么高的评价，@。#$b#我是说，莱纳斯的帐篷也有它的优点啦，比如没有门！但我还是愿意和你在一起。",
                "Good_4": "啊，美味的食物，温暖的壁炉，令人愉快的同伴。一只猫还能要求什么呢？#$b#可能还需要挠挠下巴。拜拜拜托了喵？$3",
                "Good_5": "为什么家里这么亮啊？我什么都做不成了！",
                "Good_6": "我给你写了首歌，想听吗？#$b#*尖叫*“@是个好小伙，因为他只属于我！”$5^*尖叫*“@是个好姑娘，因为她只属于我！”$4",
                "Good_7": "你，@，是我最喜欢的人类之一。让我想想...大概排第四吧。",
                "Neutral_0": "打扰一下，@。我觉得家里闹鬼了。#$b#或者只是灯光在墙壁上留下的阴影？#$b#不过我觉得你还是得检查一下。",
                "Neutral_1": "我正在重新装饰这个家。你可能会在地毯上发现美丽的橘色斑点。#$b#不用客气。",
                "Neutral_2": "今天我又在网上买东西了。好多盒子啊！#$b#什么？如果你不想我用的话，干嘛把电脑开着？",
                "Neutral_3": "虽然我看起来只是在打盹，但我其实正在思考一些万物的基本法则...#$b#好吧，好吧，我就是在打盹。你想要什么吗？",
                "Neutral_4": "你注意到了吗？如果你盯着阳光看，就会看到小小的斑点。原来光线是这样子的吗？#$b#只是灰尘而已？噢，那你真该扫扫地了。",
                "Neutral_9": "沙发底下有一些饼干屑，我把它们吃了。#$b#希望你不是特意留着的。否则，好吧，那你得找个更好的藏匿点了。",
                "Bad_0": "我就知道这种事不会成功，猫和人类...怎么可能好好相处呢？$2#$b#噢，他们顶多也只能和平共存了几千年。$4",
                "Bad_1": "我在你的鞋子里留了个惊喜。#$b#你应得的。是啊，不用客气。怎样都好。",
                "Bad_2": "希望你没有很喜欢那个沙发。我总得找个磨指甲的地方。#$b#什么？我这双爪子可是好好磨过的武器！",
                "Bad_3": "我稍微重新装饰了一下这里。你觉得诱捕计划听起来如何？#$b#一说出来就逊了好多...总之，我发现了一只老鼠。现在它已经死了。不用客气。",
                "Bad_4": "搬进来和你一起住是个错误，对吧？现在你意识到了...$2#$b#真希望当时我做出了不同的选择。",
                "Bad_5": "要是我有手指就好了...或者是凳子...这样事情一定会有所不同。$5",
                "Bad_6": "我早该呆在牧场上不走的。至少他们知道该怎么对待我。$5",
                "Bad_7": "我在厨房里发现了老鼠。虽然你可能不在意，但是我把它们都抓住了。$2#$b#（你就等着看我会把它们放在哪儿吧...）$1",
                "Bad_8": "有时候我觉得，比起我你更喜欢其他动物。$5#$b#你在它们身上花的心思多多了。$2",
                "Bad_9": "你走了好久哦...你知道我不擅长开门的。#$b#好吧，反正那件外套很丑。",
                "spring_1": "啊，春天到来了！有蹦蹦跳跳的小兔子，还有叽叽喳喳的小鸡。$3#$b#噢，糟糕，我把自己说饿了。$1",
                "spring_12": "如果明天你能给我带点苏格兰蛋回来，我会很高兴的。#$b#我本来想自己去的。但是格斯和我...好吧，我们之间有点误会，关于一盘烤鱼...",
                "spring_23": "听说明天有什么跳舞的活动。你可别想出什么离谱的点子。#$b#别信书上说的。猫不跳舞。",
                "spring_24": "我也*有可能*被说动去跳舞，只要能让你开心的话。但我可不想被传到喵视频上啊！$3",
                "summer_1": "啊，夏天！到处都是大太阳！我觉得我什么都做不动了。",
                "summer_10": "明天有自助餐吃吗？记得多吃点，@。毕竟你永远也不知道下一餐是什么时候。#$b#噢，不对。我把人类的饭点时间给忘了。真是文明人啊。",
                "summer_27": "所以水母既不是水做的，也不全是母的。为什么人类总是起愚蠢的名字？#$b#好吧，希望你会享受这些飘来飘去的、会蜇人的袋子。",
                "fall_1": "哦哦，秋天！我最喜欢的季节！#$b#是时候追着树叶到处跑，再滚进落叶堆里了...#$b#想要和我一起吗？你知道，你可能也会很享受的。",
                "fall_15": "嗯...人好多，动物都臭烘烘的，到处都在吵吵闹闹...#$b#享受你的节日吧，@。我要守住这片阵地。",
                "winter_1": "冬天来了，我就有更多的时间和我最喜欢的人类一起缩在壁炉前面了。#$b#别担心，我也会继续捕鼠行动的。什么害虫都溜不进来！#$b#至少这段时间不会！",
                "winter_25": "嗯嗯，今天是特别的一天，对吧，@？#$b#冬日星快乐！那么，我的礼物在哪儿？ [176 442 444 717 716 715]",
                "winter_28": "听说人们喜欢为新年制定计划，对吧？你有什么计划吗，@？#$b#我吗？我应该会睡更多觉吧。听起来是不是很不错啊？"
            }
        }
    ]
}