{
    "Changes": [
        {
            "Action": "EditData",
            "Target": "Characters/schedules/Elliott",
            "Entries": {
                "marriage_Mon": "730 BusStop 33 22 3/830 Beach 46 11 2 \"Strings\\schedules\\Elliott:marriage_Mon.000\"/1700 BusStop -1 23 3",
                "marriage_Wed": "730 CommunityCenter 12 12 3 \"Strings\\schedules\\{{spouse}}:marriage_kisch2\"/1020 CommunityCenter 15 19 2 \"Strings\\schedules\\{{spouse}}:Wednesday_{{Random:Sch1, Sch2, Sch3}}\"/1400 Forest 75 50 2 \"Strings\\schedules\\{{spouse}}:marriage_{{Random:For1, For2, For3}}\"/1930 BusStop -1 23 3",
                "marriage_Fri": "730 BusStop 33 22 3/820 Town 50 32 1 \"Strings\\schedules\\{{spouse}}:marriage_kisch1\"/1040 Mountain 45 8 1/1300 Mine 42 7 1 \"Strings\\schedules\\{{spouse}}:marriage_Dw1\"/1600 SamHouse 5 6 3/2000 BusStop -1 23 3",
                "marriage_spring_12": "730 BusStop 33 22 3/820 Town 50 32 1 \"Strings\\schedules\\{{spouse}}:marriage_eggpaint1\"/1030 CommunityCenter 16 22 0 \"Strings\\schedules\\{{spouse}}:marriage_eggpaint2\"/1400 Town 26 14 2/1750 BusStop -1 23 3",
            }
        },
        { //Rainy Days
            "Action": "EditData",
            "Target": "Characters/schedules/Elliott",
            "Entries": {
                "marriage_{{Season}}_{{Day}}": "730 CommunityCenter 12 12 2/1100 ArchaeologyHouse 4 10 0/1430 CommunityCenter 40 10/1800 BusStop -1 23 3"
            },
            "When": {
                "Weather": "rain, storm",
                "DayOfWeek": "Wednesday, Friday"
            }
        },
        { //Rainy Days
            "Action": "EditData",
            "Target": "Characters/schedules/Elliott",
            "Entries": {
                "marriage_{{Season}}_{{Day}}": "730 CommunityCenter 15 19 2/1200 ArchaeologyHouse 5 10 0 \"Strings\\schedules\\{{spouse}}:kid1_Ar1\"/1440 ArchaeologyHouse 11 11 1 child_sit/1800 BusStop -1 23 3"
            },
            "When": {
                "Weather": "rain, storm",
                "DayOfWeek": "Monday"
            }
        },
        { //Winter Market
            "Action": "EditData",
            "Target": "Characters/schedules/{{Loe2run.ChildToNPC/FirstChildName}}",
            "Entries": {
                "rain": "730 CommunityCenter 11 12 1/1100 CommunityCenter 14 21 0 child_sit/1500 CommunityCenter 41 12 square_2_4/1800 BusStop -1 23 3"
            },
            "When": {
                "DayOfWeek": "Wednesday, Friday"
            }
        },
        { //Winter Market
            "Action": "EditData",
            "Target": "Characters/schedules/{{Loe2run.ChildToNPC/SecondChildName}}",
            "Entries": {
                "rain": "730 CommunityCenter 13 12 3/1100 CommunityCenter 18 21 0 child_sit/1500 CommunityCenter 38 12 square_2_4/1800 BusStop -1 23 3"
            },
            "When": {
                "DayOfWeek": "Wednesday, Friday"
            }
        },
        { //Winter Market
            "Action": "EditData",
            "Target": "Characters/schedules/{{Loe2run.ChildToNPC/FirstChildName}}",
            "Entries": {
                "rain": "730 CommunityCenter 14 21 0 child_sit/1200 ArchaeologyHouse 3 10 0 \"Strings\\schedules\\{{spouse}}:kid2_Ar1\"/1440 ArchaeologyHouse 11 11 3 child_sit_R/1800 BusStop -1 23 3",
            },
            "When": {
                "DayOfWeek": "Monday"
            }
        },
        { //rainy days
            "Action": "EditData",
            "Target": "Characters/schedules/{{Loe2run.ChildToNPC/SecondChildName}}",
            "Entries": {
                "rain": "730 CommunityCenter 18 21 0 child_sit/1200 ArchaeologyHouse 4 10 0 \"Strings\\schedules\\{{spouse}}:kid2_Ar1\"/1440 ArchaeologyHouse 11 12 3 child_sit_R/1800 BusStop -1 23 3",
            },
            "When": {
                "DayOfWeek": "Monday"
            }
        },
        {
            "LogName": "FirstChild schedules",
            "Action": "EditData",
            "Target": "Characters/schedules/{{Loe2run.ChildToNPC/FirstChildName}}",
            "Entries": {
                "Wed": "MAIL {{spouse}}_Penny/GOTO Wed_NoTute/730 CommunityCenter 11 12 1 \"Strings\\schedules\\{{spouse}}:kid2_school_wednesday\"/1100 CommunityCenter 14 21 0 child_sit/1400 Forest 74 50 2/1930 BusStop -1 23 3",
                "Fri": "730 Town 51 32 3 \"Strings\\schedules\\{{spouse}}:kid1_school1\"/1030 CommunityCenter 14 21 0 child_sit \"Strings\\schedules\\{{spouse}}:kid1_school_friday\"/1400 Town 26 17 1 square_3_3/1620 Town 15 88 2/1750 SamHouse 3 5 2/2000 BusStop -1 23 3",
                "spring_12": "730 Town 51 32 3 \"Strings\\schedules\\{{spouse}}:kid1_eggpaint1\"/1030 CommunityCenter 15 22 0 \"Strings\\schedules\\{{spouse}}:kid1_eggpaint2\"/1400 Town 26 17 1 square_3_3/1620 Town 15 88 2/1750 BusStop -1 23 3",
            }
        },
        {
            "LogName": "SecondChild schedules",
            "Action": "EditData",
            "Target": "Characters/schedules/{{Loe2run.ChildToNPC/SecondChildName}}",
            "Entries": {
                "Wed": "MAIL {{spouse}}_Penny/GOTO Wed_NoTute/730 CommunityCenter 12 13 0 \"Strings\\schedules\\{{spouse}}:kid2_school_wednesday\"/1100 CommunityCenter 18 21 0 child_sit_R/1400 Forest 75 50 2/1930 BusStop -1 23 3",
                "Fri": "730 Town 50 33 0 \"Strings\\schedules\\{{spouse}}:kid2_school1\"/1030 CommunityCenter 18 21 0 child_sit_R \"Strings\\schedules\\{{spouse}}:kid2_school_friday\"/1400 Town 28 17 3 square_3_3/1620 Town 16 88 2/1750 SamHouse 4 5 2/2000 BusStop -1 23 3",
                "spring_12": "730 Town 50 33 0 \"Strings\\schedules\\{{spouse}}:kid2_eggpaint1\"/1030 CommunityCenter 17 22 0 \"Strings\\schedules\\{{spouse}}:kid2_eggpaint2\"/1400 Town 28 17 3 square_3_3/1620 Town 16 88 2/1750 BusStop -1 23 3",
            }
        }
    ]
}